CODIGO,CATEGORIA,SUB CATEGORIA,PROVEDOR,DESCRIPCION
SOLIS S5 10K 2F,INVERSOR,BIFASICO,Exel Solar,"Solis-GR1P10K-S5 Inversor Solis de 10kW a 220V, 3 MPPT, 2 fases, incl. DC Disconnect"
CONEX TIERRA ALUMINEX,ESTRUCTURA,PREFABRICADA,Exel Solar,"NXT-GC-1 Terminal de conexión a tierra para 2 cables, Next Rail"
CLIPS ALUMINEX,ESTRUCTURA,PREFABRICADA,Exel Solar,"NXT-CLIP-5 5 Clips de Plástico para 2 cables, Next-Rail"
CARRETE FOTOVOLTAICO WIRE C.10 762m,CORRIENTE DIRECTA,CABLE,Exel Solar,PV-C10-762M Cable Fotovoltaico negro PV Wire carrete 762 mts 10AWG 2000V
SOLIS S5 124K-HV 3F,INVERSOR,TRIFASICO,Exel Solar,"Solis-124K-HV-5G Inversor Solis de 124kW a 480V, 10 MPPT, 3 fases"
SOLIS S5 8K 2F,INVERSOR,BIFASICO,Exel Solar,"Solis-GR1P8K-S5 Inversor Solis de 8kW a 220V, 3 MPPT, 2 fases, incl. DC Disconnect"
JINKO 555 MONO,PANEL SOLAR,MONOCRISTALINO,Exel Solar,JK-M555M-72HLA4-V Panel Solar Jinko Mono 555w
SOLIS S5 30K-LV 3F,INVERSOR,TRIFASICO,Exel Solar,"Solis-GC30K-S5-LV Inversor Solis 30kW a 220V, 4 MPPT, 3 fases, incl. DC Disconnect"
HUAWEI 6K 2F,INVERSOR,BIFASICO,Exel Solar,"HWI-SUN600-6KTL-L0 LITE Inversor de interconexión monofásico 220 Vac/240 Vac, eficiencia > 98.4%, 2 MPPT + supresor de picos integrado DC/AC +AFCI."
SOLIS 50K-LV 3F,INVERSOR,TRIFASICO,Exel Solar,"Solis-50K-LV-5G Inversor Solis 50kW a 220V, 6 MPPT, 3 fases, incl. DC Disconect"
HUAWEI HBD 6K 2F,INVERSOR,BIFASICO,Exel Solar,"HWI-SUN2000-6KTL-L1 Inversor Hibrido Huawei de 6kW, 2 fases, 2 MPPT, compatible con batería Huawei LUNA de 5kWH, con 10 años de garantía"
HUAWEI HBD 8K 2F,INVERSOR,BIFASICO,Exel Solar,"HWI-SUN2000-8K-LC0 Inversor Hibrido Huawei de 8kW, 2 Fases 240V, 3MPPT, compatible con batería Huawei LUNA de 5kWH, con 10 de garantía."
HUAWEI HBD 3K 2F,INVERSOR,BIFASICO,Exel Solar,"HWI-SUN2000-3KTL-L1 Inversor Hibrido Huawei de 3kW, 2 fases, 2 MPPT, compatible con batería Huawei LUNA de 5kWH, con 10 años de garantía."
HUAWEI HBD 10K 2F,INVERSOR,BIFASICO,Exel Solar,"HWI-SUN2000-10K-LC0 Inversor Hibrido Huawei de 10kW, 2 Fases 240V, 3MPPT, compatible con batería Huawei LUNA de 5kWH, con 10 de garantía."
VICTRON ,INVERSOR,AISLADO,Exel Solar,"VIC-MULTIPLUS II-3KW-120V Inversor Victron MultiPlus II 3kW, 48Vcc, 120 Vac, admite conexión en paralelo Single Phase 120V, Split Phase 120/240V & 3 Phase 120/208V"
CABLES PYLONTECH,INVERSOR,AISLADO,Exel Solar,"PYLON-EXTERNAL CABLE KIT Kit de Cables que incluye 1 Cable 2m(+), 1 Cable 2m(-), 1 Cable CAN 3.5m, 4AWG"
SOLIS S5 15K-LV 3F,INVERSOR,TRIFASICO,Exel Solar,"Solis-GC15K-S5-LV Inversor Solis de 15kW a 220V, 3 MPPT, 3 fases, incl. DC Disconnect"
HUAWEI 100K 3F,INVERSOR,TRIFASICO,Exel Solar,"HWI-SUN2000-100KTL-M2 Inversor Huawei de 100kW Trifasico 480Vac, 10 MPPT´s, Proteccion IP66"
BATERIA PYLON 4.8kWh,INVERSOR,AISLADO,Exel Solar,"PYLON-US5000 Batería de Litio LFP Bajo Voltaje, 4.8kWh a 48V & 100Ah con BMS incluido."
INVERSOR EPEVER 3K,INVERSOR,AISLADO,Exel Solar,UP3000-HM8041 Inversor cargador de 3kW a 48V con antena de comunicación Wi-fi y adaptador de comunicación con baterias
SOLIS S6 5K 2F,INVERSOR,BIFASICO,Exel Solar,"Solis-GR1P5K-S6 Inversor Solis de 5kW a 220V, 2 MPPT, 2 fases, incl. DC Disconnect."
JA SOLAR 565 MONO,PANEL SOLAR,MONOCRISTALINO,Exel Solar,JA-M72S30-565/LR 1500 Panel Solar JA Solar Mono de 565W
SOLIS S6 3.6K 2F,INVERSOR,BIFASICO,Exel Solar,"Solis-GR1P3.6K-S6 Inversor Solis de 3.6kW a 220V, 1 MPPT, 2 fases, incl. DC Disconnect."
HUAWEI HBD 5K 2F,INVERSOR,BIFASICO,Exel Solar,"HWI-SUN2000-5KTL-L1 Inversor Hibrido Huawei de 5kW, 2 fases, 2 MPPT, compatible con batería Huawei LUNA de 5kWH, con 10 años de garantía"
HUAWEI 20K 2F,INVERSOR,BIFASICO,Exel Solar,"HWI-SUN2000-20KTL-M3 Inversor Huawei de 20kW 220V, AFCI, interruptor DC, IP 66, + 4 MPPT"
SOLIS S6 6K 2F,INVERSOR,BIFASICO,Exel Solar,"Solis-GR1P6K-S6 Inversor Solis de 6kW a 220V, 2 MPPT, 2 fases, incl. DC Disconnect."
CABLES HOYMILES 800W,INVERSOR,CABLE,Exel Solar,"HMS - AC Trunk Cable 2mt 2F3H 10AWG AC Trunk Cable para HMS, 2MT 10AW de 3 Hilos, con conector"
MICRO INVERSOR HOYMILES 800W,INVERSOR,MONOFASICO,Exel Solar,HMS-800-2T-LV Micro inversor Hoymiles de 800W 
MICRO INVERSOR HOYMILES 2KW,INVERSOR,MONOFASICO,Exel Solar,HMS-2000-4T-16A Micro inversor Hoymiles de 2000W 
SOLIS S5 50K 3F,INVERSOR,TRIFASICO,Exel Solar,"Solis-GC50K-S5-LV Inversor Solis 50kW a 220V, 6 MPPT, 3 fases, incl. DC Disconnect"
SOLIS S5 10K 3F,INVERSOR,TRIFASICO,Exel Solar,"Solis-GR3P10K-S5-LV Inversor Solis de 10kW a 220V, 2 MPPT, 3 fases, incl. DC Disconnect"
SOLIS S5 60K-LV 3F,INVERSOR,TRIFASICO,Exel Solar,"Solis-GC60K-S5-LV Inversor Solis 60kW a 220V, 8 MPPT, 3 fases, incl. DC Disconnect"
SEPARADOR ALUMINEX,ESTRUCTURA,PREFABRICADA,Exel Solar,NXT-AUA-30/46-2-UL 2 Abrazaderas universales de Aluminio para paneles de 30-46mm
KIT MC4 5PZ,CORRIENTE DIRECTA,CONECTORES,Exel Solar,"PV-10PC10-1500 10 Conectores MC4, 5 Hembras y 5 Macho cable 14-10 AWG, 1500 Vdc"
CAJA 100m FOTOVOLTAICO C.10 Wire,CORRIENTE DIRECTA,CABLE,Exel Solar,PV-C10-100M-BC Cable Fotovoltaico negro PV Wire caja 100 mts 10AWG 2000V 19 hilos
JA SOLAR 620 BIFA,PANEL SOLAR,BIFACIAL,Exel Solar,JA-M66D45-620/LB Panel Solar JA Solar N-Type Double Glass Bifacial de 620W
SOLIS S6 6K 2F,INVERSOR,BIFASICO,Exel Solar,"Solis-GR1P6K-S-S6 Inversor Solis de 6kW a 220V, 2 MPPT, 2 fases, incl. DC Disconnect."
MINIRIEL ALUMINEX,ESTRUCTURA,PREFABRICADA,Exel Solar,"NXT-MINI 2.0 Perfil Next-Rail Mini 2.0, Alu 6105-T6, incluye 4 tornillos NXT-SD-1/4X1"
SOLIS S5 20K LV,INVERSOR,TRIFASICO,Exel Solar,"Solis-GC20K-S5-LV Inversor Solis de 20kW a 220V, 3 MPPT, 3 fases, incl. DC Disconnect."
MEGAFUSE 125A VICTRON,INVERSOR,AISLADO,Exel Solar,VIC-MEGA-FUSE-125A/80V Fusible Mega Fuse de 125A para sistemas a 80V brinda proteccion a tu sistema Victron contra sobrecorrientes.
COMUNICACIÓN PYLONTECH,INVERSOR,AISLADO,Exel Solar,VIC-CAN-CABLE Cable de comunicación CAN 5m para bateria Pylontech
BATERIA PYLON 5.12kWh,INVERSOR,AISLADO,Exel Solar,"PYLON-FIDUS-5.12KWH Bateria de Litio FIDUS LFP de 5.12kWh, 51.2V, Crate 1C"
SOLIS S5 100K 3F,INVERSOR,TRIFASICO,Exel Solar,"Solis-GC100K-S5-HV Inversor Solis de 100kW, 3 fases. a 480V, 10 MPPT,"
SOLIS S6 3.6K 2F,INVERSOR,BIFASICO,Exel Solar,"Solis-GR1P3.6K-S-S6 Inversor Solis de 3.6kW a 220V, 2 MPPT, 2 fases, incl. DC Disconnect."
,,,,
,,,,
GABINETE 4U,CORRIENTE DIRECTA,GABINETE,NORLEK,GABINETE ABB 4 MODULOS
FUSIBLE 20A,CORRIENTE DIRECTA,FUSIBLE,NORLEK,FUSIBLE SOLAR 20A 1000V
Kit Mc4 2pz,CORRIENTE DIRECTA,CONECTORES,NORLEK,MC4 KIT
PORTAFUSIBLE 30A,CORRIENTE DIRECTA,FUSIBLE,NORLEK,PORTAFUSIBLE 1 POLO 30A 1000V
RISEN 550W MONO,PANEL SOLAR,MONOCRISTALINO,NORLEK,PANEL RISEN TITAN 550W
SOLIS S5 10K 2F,INVERSOR,BIFASICO,NORLEK,INV. SOLIS 10KW
SOLIS S5 3.6K 2F,INVERSOR,BIFASICO,NORLEK,INV. SOLIS 3.6KW
SOLIS S5 6K 2F,INVERSOR,BIFASICO,NORLEK,INV. SOLIS 6KW
SOLIS S5 5K 2F,INVERSOR,BIFASICO,NORLEK,INV. SOLIS 5KW
MONITOREO SOLIS S3,INVERSOR,ANTENA,NORLEK,SOLIS WIFI STICK S3
FUSIBLE ABB 20A,CORRIENTE DIRECTA,FUSIBLE,NORLEK,FUSIBLE ABB 1000VDC 20A
PORTAFUSIBLE ABB 32A,CORRIENTE DIRECTA,FUSIBLE,NORLEK,PORTAFUSIBLE ABB 1P 1000VDC32A
SOLIS S5 20K LV,INVERSOR,BIFASICO,NORLEK,"INV., SOLIS 20KW 220V"
GABINETE 8U,CORRIENTE DIRECTA,GABINETE,NORLEK,GABINETE ABB 8 MODULOS
CPS 3.6K 2F,INVERSOR,BIFASICO,NORLEK,INVERSOR CPS 3.6 KW
SOLIS S5 30K LV,INVERSOR,BIFASICO,NORLEK,INV.SOLIS 30KW 220V
SOLIS S5 8K 2F,INVERSOR,BIFASICO,NORLEK,INV. SOLIS 8KW 220V
MC4 M,CORRIENTE DIRECTA,CONECTORES,NORLEK,CONECTOR MC4 MACHO
MC4 H,CORRIENTE DIRECTA,CONECTORES,NORLEK,CONECTOR MC4 HEMBRA
SOLIS S5 15K LV 3F,INVERSOR,BIFASICO,NORLEK,INV. SOLIS 15KW 5G 3F 220V
SUPRESOR 1000V,CORRIENTE DIRECTA,FUSIBLE,NORLEK,SUPRESOR PICOS 2P 1000V
FUSIBLE ABB 15A,CORRIENTE DIRECTA,FUSIBLE,NORLEK,FUSIBLE ABB 1000VDC 15A
FUSIBLE 30A,CORRIENTE DIRECTA,FUSIBLE,NORLEK,FUSIBLE SOLAR 30A 1000V
RISEN 665 MONO,PANEL SOLAR,MONOCRISTALINO,NORLEK,PANEL RISEN TITAN 665W
ASTRON 450 MONO,PANEL SOLAR,MONOCRISTALINO,NORLEK,PANEL ASTRONERGY 450W MONO
FOTOVOLTAICO C.12 N,CORRIENTE DIRECTA,CABLE,NORLEK,CABLE SOLAR NEGRO 12 AWG 2KV
FOTOVOLTAICO C.12 R,CORRIENTE DIRECTA,CABLE,NORLEK,CABLE SOLAR ROJO 12 AWG 2KV
CONECTOR Y M,CORRIENTE DIRECTA,CONECTORES,NORLEK,CONECTOR MC4 EN Y MACHO
CONECTOR Y H,CORRIENTE DIRECTA,CONECTORES,NORLEK,CONECTOR MC4 EN Y HEMBRA
MONITOREO MICRO APS,INVERSOR,ANTENA,NORLEK,SISTEMA MONITOREO APS ECUV4
TAPA MICRO APS,INVERSOR,MONOFASICO,NORLEK,TAPA TERMINADORA YC600
CABLE AC APS,INVERSOR,MONOFASICO,NORLEK,TRONCAL APS YC-600 12 AWG
MICRO APS 750W,INVERSOR,MONOFASICO,NORLEK,MICROINV APS YC600B 127V 750W
CABLE APS,INVERSOR,MONOFASICO,NORLEK,TRONCAL APS DS3D 10AWG
BATERIA GROWWAT 5kWh,INVERSOR,AISLADO,NORLEK,BATERIA GROWATT AXE 5KWH
CABLE GROWATT 5kWh,INVERSOR,AISLADO,NORLEK,CABLE GROWATT CONEX 5L
FOTOVOLTAICO C.10 N,CORRIENTE DIRECTA,CABLE,NORLEK,MTS CABLE SOLAR 10 AWG NEGRO
FOTOVOLTAICO C.10 R,CORRIENTE DIRECTA,CABLE,NORLEK,MTS CABLE SOLAR 10 AWG ROJO
CANADIAN 660 MONO,PANEL SOLAR,MONOCRISTALINO,NORLEK,PANEL CANADIAN SOLAR 660W
GABINETE SOLAR ONE 5U,CORRIENTE DIRECTA,GABINETE,NORLEK,GABINETE SOLAR ONE 5 MODULOS
HUAWEI HBD 6K 2F,INVERSOR,BIFASICO,NORLEK,INVERSOR HUAWEI 6KW HIB
FOTOVOLTAICO C.10 N,CORRIENTE DIRECTA,CABLE,NORLEK,CABLE SOLAR 10 NEGRO UL
HUAWEI HBD 4K 2F,INVERSOR,BIFASICO,NORLEK,INVERSOR HUAWEI 4KW HIB
INVERSOR CANADIAN S 15K 2F,INVERSOR,BIFASICO,NORLEK,INV. CANADIAN SOLAR 15KW
GABINETE SOLAE ONE 8U,CORRIENTE DIRECTA,GABINETE,NORLEK,GABINETE SOLAR ONE 8 MODULOS
CANADIAN 610 MONO,PANEL SOLAR,MONOCRISTALINO,NORLEK,PANEL CANADIAN SOLAR 610W
HUAWEI HBD 10K 2F,INVERSOR,BIFASICO,NORLEK,INVERSOR HUAWEI 10KW HIB
HUAWEI HBD 8K 2F,INVERSOR,BIFASICO,NORLEK,INVERSOR HUAWEI 8KW HIB
SOLIS S5 2K 2F,INVERSOR,BIFASICO,NORLEK,INV. SOLIS 2KW
FUSIBLE 25A,CORRIENTE DIRECTA,FUSIBLE,NORLEK,FUSIBLE SOLAR 25A 1000V
RISEN 600 MONO,PANEL SOLAR,MONOCRISTALINO,NORLEK,PANEL RISEN TOPCON 600W
CANADIAN 555 MONO,PANEL SOLAR,MONOCRISTALINO,NORLEK,PANEL CANADIAN SOLAR 555W
GROWWAT 3K 2F,INVERSOR,BIFASICO,NORLEK,INV. GROWATT SPF 3000TL LVM
RISEN 585 MONO,PANEL SOLAR,MONOCRISTALINO,NORLEK,PANEL RISEN TOPCON 585W
HUAWEI 80K 2F,INVERSOR,BIFASICO,NORLEK,HUAWEI SUN2000-80KTL-220V
ANTENA HUAWEI,INVERSOR,ANTENA,NORLEK,HUAWEI SMART DONGLE
CPS 25K 3F,INVERSOR,BIFASICO,NORLEK,INV. CPS SCA25KTL-DO-R/US 480V
CANADIAN 620 MONO,PANEL SOLAR,MONOCRISTALINO,NORLEK,PANEL CANADIAN SOLAR 620W
INVERSOR CANADIAN S 5K 2F,INVERSOR,BIFASICO,NORLEK,INV. CANADIAN SOLAR 5KW
CANADIAN 590 MONO,PANEL SOLAR,MONOCRISTALINO,NORLEK,PANEL CANADIAN SOLAR 590W
FUSIBLE 15A,CORRIENTE DIRECTA,FUSIBLE,NORLEK,FUSIBLE SOLAR 15A 1000V
CANADIAN 595 MONO,PANEL SOLAR,MONOCRISTALINO,NORLEK,PANEL CANADIAN SOLAR 595W
RISEN 610 MONO,PANEL SOLAR,MONOCRISTALINO,NORLEK,PANEL RISEN TOPCON 610W
SOLIS S5 60K 2F,INVERSOR,BIFASICO,NORLEK,INV. SOLIS-60KW 220V
HUAWEI HBD 5K 2F,INVERSOR,BIFASICO,NORLEK,INVERSOR HUAWEI 5KW HIB
ZNSHINE 605 BIFA,PANEL SOLAR,BIFASICO,NORLEK,PANEL SOLAR ZNSHINE 605W
CANADIAN 620 BIFA,PANEL SOLAR,BIFASICO,NORLEK,PANEL CANADIAN BIFACIAL 620W
,,,,
CANADIAN 555 MONO,PANEL SOLAR,MONOCRISTALINO,BAYWA,"""CANADIAN SOLAR CS6W-MS-555-30MM"""
SOLIS S5 8K 2F,INVERSOR,BIFASICO,BAYWA,"""SOLIS S5-GR1P8K"""
MONITOREO SOLIS S3,INVERSOR,ANTENA,BAYWA,"""SOLIS WIFI STICK S3-WIFI-ST"""
MC4 M,CORRIENTE DIRECTA,CONECTORES,BAYWA,"""MC4 PV-KBT4/611-UR MALE SOLARLINE CONNECTOR"""
MC4 H,CORRIENTE DIRECTA,CONECTORES,BAYWA,"""MC4 PV-KBT4/611-UR FEMALE SOLARLINE CONNECTOR"""
SOLIS S6 6K 2F,INVERSOR,BIFASICO,BAYWA,"""SOLIS S6-GR1P6K UL"""
SOLIS S5 10K 2F,INVERSOR,BIFASICO,BAYWA,"""SOLIS-S5-GR1P10K"""
SOLIS S6 5K 2F,INVERSOR,BIFASICO,BAYWA,"""SOLIS S6-GR1P5K UL"""
SOLIS S5 20K LV,INVERSOR,BIFASICO,BAYWA,"""SOLIS-S5-GC20K-LV 220V"""
SOLIS S6 3.6K 2F,INVERSOR,BIFASICO,BAYWA,"""SOLIS MINI S6-GR1P3.6K-M UL"""
SOLIS S5 30K LV,INVERSOR,BIFASICO,BAYWA,"""SOLIS S5-GC30K-LV"""
CANADIAN 550 MONO,PANEL SOLAR,MONOCRISTALINO,BAYWA,"""CANADIAN SOLAR CS6W-MS-550-30MM"""
FOTOVOLTAICO C.10,CORRIENTE DIRECTA,CABLE,BAYWA,"""10-19 CU PV WIRE SINGLE LAYER BLACK 2000V"""
SOLIS S5 60K 2F,INVERSOR,BIFASICO,BAYWA,"""SOLIS-60K-LV-5G 220V"""
FOTOVOLTAIVO VIAKON C.10 R,CORRIENTE DIRECTA,CABLE,BAYWA,"""10-19 CU PV WIRE VIAKON SINGLE LAYER RED 2000V"""
FOTOVOLTAICO VIAKON C.10 N,CORRIENTE DIRECTA,CABLE,BAYWA,"""10-19 CU PV WIRE VIAKON SINGLE LAYER BLACK 2000V"""
HUAWEI 5K 2F,INVERSOR,BIFASICO,BAYWA,"""HUAWEI SUN2000-5KTL-L1"""
HUAWEI 10K 2F,INVERSOR,BIFASICO,BAYWA,"""HUAWEI SUN2000-10KTL-LC0-ZH"""
MICRO HOYMILES 800W,INVERSOR,MONOFASICO,BAYWA,"""HOYMILES HMS-800-2T-LV"""
CABLE HOYMILES,INVERSOR,MONOFASICO,BAYWA,"""HOYMILES AC Trunk Cable_20T_20L_10AWG_2m"""
CAPUCHA HOYMILES,INVERSOR,MONOFASICO,BAYWA,"""HOYMILES END CAP AC TRUNK"""
MONITOREOS HOYMILES,INVERSOR,ANTENA,BAYWA,"""HOYMILES DTU-LITE-S"""
TRINA 615 MONO,PANEL SOLAR,MONOCRISTALINO,BAYWA,"""TRINA TSM-NE19R 615W"""
CANADIAN 610 MONO,PANEL SOLAR,MONOCRISTALINO,BAYWA,"""CANADIAN SOLAR CS6.172TD-610"""
SOLIS S6 2K 2F,INVERSOR,BIFASICO,BAYWA,"""SOLIS MINI S6-GR1P2K-M UL"""
S5 RIBBRACKET II,ESTRUCTURA,PREFABRICADA,BAYWA,"""S-5! RIBBRACKET II"""
S5 RIBBRACKET III,ESTRUCTURA,PREFABRICADA,BAYWA,"""S-5! RIBBRACKET III"""
S5 RIBBRACKET V,ESTRUCTURA,PREFABRICADA,BAYWA,"""S-5! RIBBRACKET V"""
TRINA 615 MONO,PANEL SOLAR,MONOCRISTALINO,BAYWA,"""TRINA TSM-NEG19RC.20-615W"""
SOLIS 124K-HV,INVERSOR,TRIFASICO,BAYWA,"""SOLIS 124K-HV-5G"""
SOLIS S6 3.6K 2F,INVERSOR,BIFASICO,BAYWA,"""SOLIS S6-GR1P3.6K-S """
HUAWEI 20K 2F,INVERSOR,BIFASICO,BAYWA,"""HUAWEI SUN2000-20KTL-M3"""
SOLIS S6 6K 2F,INVERSOR,BIFASICO,BAYWA,"""SOLIS S6-GR1P6K-S """
SOLIS 15K LV,INVERSOR,BIFASICO,BAYWA,"""SOLIS 15K-LV-5G"""
MINIRIEL K2,ESTRUCTURA,PREFABRICADA,BAYWA,"""MINIRAIL BASE SET"""
RENSOLAR 605 BIFA,PANEL SOLAR,BIFACIAL,BAYWA,"""RENSOLA N-TYPE BIFACIAL RS5J-605NBG-E1<br />"""
PIJA PREFABRICADA,ESTRUCTURA,PREFABRICADA,BAYWA,"""EJOT JF3-2-5.5x25 E16 """
SEPARADOR MINIRIEL K2,ESTRUCTURA,PREFABRICADA,BAYWA,"""K2 CROSS CLAMP SET, MILL"""
CONEX TIERRA K2,ESTRUCTURA,PREFABRICADA,BAYWA,"""SGB-4, 4-14 SOL-STR"""
TRINA 620 MONO,PANEL SOLAR,MONOCRISTALINO,BAYWA,"""TRINA TSM-NEG19RC.20-620W"""
CROSSRAIL K2,ESTRUCTURA,PREFABRICADA,BAYWA,"""CROSSRAIL 48-X, 4.70M, MILL<br />"""
UNION A PROTEA II K2,ESTRUCTURA,PREFABRICADA,BAYWA,"""L-FOOT BRACKET W/T-BOLT AND NUT, CR48 MIL, 1/2"""""""
TORNILLO DE SUJECION K2,ESTRUCTURA,PREFABRICADA,BAYWA,"""SET JT3-SB-3-8.0x85/50 FZD"""
RAIL CONNECTOR K2,ESTRUCTURA,PREFABRICADA,BAYWA,"""RAIL CONNECTOR UL 2703 SET CR48-S, MILL, 1/2"""""
CLIMBER SET K2,ESTRUCTURA,PREFABRICADA,BAYWA,"""CLIMBER SET CR48, HOLE"""
CROSSRAIL 48-12 K2,ESTRUCTURA,PREFABRICADA,BAYWA,"""CROSSRAIL 48-S TILT CONNECTOR SET 1/2"""""""
PROTEA II S5,ESTRUCTURA,PREFABRICADA,BAYWA,"""PROTEA II"""
TORNILLO COMP K2,ESTRUCTURA,PREFABRICADA,BAYWA,"""13x25MM "
SOLIS S5 60K 2F,INVERSOR,BIFASICO,BAYWA,"""SOLIS S5-GC60K-LV """
FOTOVOLTAICO LEADER C.10 N,CORRIENTE DIRECTA,CABLE,BAYWA,"""LEADERTECH UL PV 10 AWG WIRE BLACK 2000V"""
FOTOVOLTAICO LEADER C.10 R,CORRIENTE DIRECTA,CABLE,BAYWA,"""LEADERTECH UL PV 10 AWG WIRE RED 2000V"""
TRINA 625 MONO,PANEL SOLAR,MONOCRISTALINO,BAYWA,"""TRINA TSM-NEG19RC.20-625W"""
RAIL NOVOTEGRA,ESTRUCTURA,PREFABRICADA,BAYWA,"""N RAIL 4.72"""
EMPALME RIEL NOVOTEGRA,ESTRUCTURA,PREFABRICADA,BAYWA,"""N CONNECTOR NOVOTEGRA"""
TORNILLO NOVOTEGRA,ESTRUCTURA,PREFABRICADA,BAYWA,"""N BOLT 30MM NOVOTEGRA"""
TUERCA NOVOTEGRA,ESTRUCTURA,PREFABRICADA,BAYWA,"""N NUT NOVOTEGRA"""
SEPARADOR NOVOTEGRA,ESTRUCTURA,PREFABRICADA,BAYWA,"""MIDDLE CLAMP PRO """
ZETA NOVOTEGRA,ESTRUCTURA,PREFABRICADA,BAYWA,"""END CLAMP NOVOTEGRA"""
TRINA 625 MONO,PANEL SOLAR,MONOCRISTALINO,BAYWA,"""TRINA TSM-NE19R 625W"""
,,,,
VARIAFOR FORWARDN 3F 30A,INVERSOR,VARIADOR,VILLAREAL DIVISION DE EQUIPOS,VARIADOR FORWARDN MP 3X230V 30A
ASTRALX 460 MONO,PANEL SOLAR,MONOFASICO,VILLAREAL DIVISION DE EQUIPOS,PANELSOLAR ASTRALX HC 460W MONO 144CEL
STRING BOX 2S,CORRIENTE DIRECTA,GABINETE,VILLAREAL DIVISION DE EQUIPOS,SHIELD STRING BOX 2SERIE 2F15A SP 2DC 10
FOTOVOLTAICO CONERA C.10,CORRIENTE DIRECTA,CONECTORES,VILLAREAL DIVISION DE EQUIPOS,CABLE SOLAR CONNERA 2000V 10AWG (6MM2)
MC4 M,CORRIENTE DIRECTA,CONECTORES,VILLAREAL DIVISION DE EQUIPOS,"""MC4 PV-KBT4/611-UR MALE SOLARLINE CONNECTOR"""
MC4 H,CORRIENTE DIRECTA,CONECTORES,VILLAREAL DIVISION DE EQUIPOS,"""MC4 PV-KBT4/611-UR FEMALE SOLARLINE CONNECTOR"""
EXTENCION CONERA,ESTRUCTURA,PREFABRICADA,VILLAREAL DIVISION DE EQUIPOS,KIT DE EXTENSIÓN 30CM ESTRUCTURA RAINXN
ESTRUCTURA CONERA,ESTRUCTURA,PREFABRICADA,VILLAREAL DIVISION DE EQUIPOS,SPTE SOLAR BASE ALUMINIO 4 MODULOS FV
VARIADOR FORWARDN 3F 460V 17A,INVERSOR,VARIADOR,VILLAREAL DIVISION DE EQUIPOS,VARIADOR FORWARDN MP 3X460V 17A 840VCC
MOTOBOMBA 5HP 3F 230/460V 12L,CORRIENTE DIRECTA,BOMBAS,VILLAREAL DIVISION DE EQUIPOS,MTB.CENT.ALTAM.INOX.12LPS5.5HP3X230/460V
CONTRABRIDA MOTOBOMBA 5HP,CORRIENTE DIRECTA,BOMBAS,VILLAREAL DIVISION DE EQUIPOS,FLUX12 KIT CONTRABRIDA 2.5X2RNPT
VARIADOR FORWARDN 3F 230V 16A,INVERSOR,VARIADOR,VILLAREAL DIVISION DE EQUIPOS,VARIADOR FORWARDN MP 3X230V 16A
GABINETE ALTAMIRA 5X4X2,CORRIENTE DIRECTA,GABINETE,VILLAREAL DIVISION DE EQUIPOS,GAB.METALICO ALTAMIRA 50X40X20
,,,,
GAB S301,CORRIENTE ALTERNA,GABINETE,DIMEGSA,GABINETE NACIONAL PARA INTERRUPTORES SENTRON ED2 ED6
SIEMENS ED6 100A,CORRIENTE ALTERNA,PROTECCIONES,DIMEGSA,INTERRUPTOR TERMOMAGNETICO SENTRON ED6 100A 240 480 600VCA CON ZAPATAS
MONITOR 34,TUBERIA,,DIMEGSA,MONITOR METALICO EN ZINC DE 3/4
MONITOR 2,TUBERIA,2,DIMEGSA,MONITOR METALICO EN ZINC DE 2
CONTRA 34,TUBERIA,,DIMEGSA,CONTRATUERCA DE 3/4
CONTRA 2,TUBERIA,2,DIMEGSA,CONTRATUERCA DE 2
UNICANAL R 34,TUBERIA,,DIMEGSA,ABRAZADERA UNICANAL DE 3/4 REFORZADO
INICANAL 1,TUBERIA,1,DIMEGSA,ABRAZADERA UNICANAL DE 1 REFORZADO
CONEX LICUA 1,TUBERIA,1,DIMEGSA,CONECTOR RECTO LICUATITE DE 1
CONEX LICUA 114,TUBERIA,1 1/4,DIMEGSA,CONECTOR RECTO LICUATITE DE 1 1/4
CONEX LICUA 34,TUBERIA,,DIMEGSA,CONECTOR RECTO LICUATITE DE 3/4
CONDULET LB 34,TUBERIA,,DIMEGSA,CONDULET SERIE 3 LB 23 DE 3/4
CONDULET LB 1,TUBERIA,1,DIMEGSA,CONDULET SERIE 3 LB 33 DE 1
CONDULET LB 114,TUBERIA,1 1/4,DIMEGSA,CONDULET SERIE 3 LB 43 DE 1 1/4
CONDULET LL 34,TUBERIA,,DIMEGSA,CONDULET SERIE 3 LL 23 DE 3/4
CONDULET LR 34,TUBERIA,,DIMEGSA,CONDULET SERIE 3 LR 23 DE 3/4
CURVA PG 1,TUBERIA,1,DIMEGSA,CODO CON ROSCA DE 1 PULG OMEGA
CURVA PG 114,TUBERIA,1 1/4,DIMEGSA,CODO CON ROSCA DE 1 1/4 PULG OMEGA
TUBO AJUSTE 12,TUBERIA,,DIMEGSA,TUBO AJUSTE DE 1/2 PULG S/COPLE OMEGA
TUBO PG 34,TUBERIA,,DIMEGSA,TUBO CON ROSCA DE 3/4 PULG C/COPLE OMEGA
TUBO PG 1,TUBERIA,1,DIMEGSA,TUBO CON ROSCA DE 1 PULG C/COPLE OMEGA
TUBO PG 114,TUBERIA,1 1/4,DIMEGSA,TUBO CON ROSCA DE 1 1/4 PULG C/COPLE OMEGA
COPLE ROSCADO 34,TUBERIA,,DIMEGSA,COPLE CON ROSCA DE 3/4 PULG OMEGA
COPLE ROSCADO 1,TUBERIA,1,DIMEGSA,COPLE CON ROSCA DE 1 PULG OMEGA
COPLE ROSCADO 114,TUBERIA,1 1/4,DIMEGSA,COPLE CON ROSCA DE 1 1/4 PULG OMEGA
ZAPATA C.10,CORRIENTE ALTERNA,CONECTORES,DIMEGSA,TERMINAL OJILLO AMARILLA 1/4 CH TCA314
ZAPATA C.8,CORRIENTE ALTERNA,CONECTORES,DIMEGSA,TERMINAL OJILLO DESNUDA CAL. 8 1/4 TCW043
UNICANAL 4X2 C.16,TUBERIA,SUJECION,DIMEGSA,UNICANAL DE 3 MTS 4X2 SENCILLO CAL. 16
BASE M 7100,MEDIA TENSION,BASE,DIMEGSA,BASE P WATHORIMETRO 100A 7 MOR NO INCLUYE CONEC C HAMMER RESI
BASE M 7200,MEDIA TENSION,BASE,DIMEGSA,BASE P WATHORIMETRO 200A 7 MORDAZAS NO INCLUYE CONECTOR C HAMMER RESI
CINCHO T14 35cm NEGRO,CONSUMIBLES,CINCHOS,DIMEGSA,CINCHO NEGRO T14 35CM X 4.8M PTRPAF 001-CWD
CENTRO DE CARGA 12P 3F,CORRIENTE ALTERNA,GABINETE,DIMEGSA,QO CENTRO CARGA 12P ZAP 125 PLUG ON PTRS1B 002-FDT
ITM 2X20A,CORRIENTE ALTERNA,PROTECCIONES,DIMEGSA,INT 20 AMP 2 POLOS PTRS1B 001-FDR
ITM 2X30A,CORRIENTE ALTERNA,PROTECCIONES,DIMEGSA,INT 30 AMP 2 POLOS PTRS1B 001-FDR
ITM 2X40A,CORRIENTE ALTERNA,PROTECCIONES,DIMEGSA,INT 40 AMP 2 POLOS PTRS1B 001-FDR
ITM 2X50A,CORRIENTE ALTERNA,PROTECCIONES,DIMEGSA,INT 50 AMP 2 POLOS PTRS1B 001-FDR
ITM 2X60A,CORRIENTE ALTERNA,PROTECCIONES,DIMEGSA,INT TERMOMAG QO 2P 60 A PTRS1B 001-FDR
FRENTE DE CC 30P,CORRIENTE ALTERNA,GABINETE,DIMEGSA,FRENTE P C DE CARGA PTRS1B 002-FDT
CENTRO DE CARGA 30P 3F,CORRIENTE ALTERNA,GABINETE,DIMEGSA,CENTRO DE CARGA PTRS1B 002-FDT
GLANDULA N 114 DROF,CORRIENTE ALTERNA,1,DIMEGSA,CONECTOR GLANDULA NYLON NEGRO 1 1/4 DROF
GLANDULA N 34 DROF,CORRIENTE ALTERNA,,DIMEGSA,CONECTOR GLANDULA NYLON NEGRO 3/4 DROF
EMPALME BIMETALICO C.1/0,MEDIA TENSION,CONECTORES,DIMEGSA,CONECTOR PURO T.MINIMA CAL. 1/0 HOMAC
ZAPATA LARGA C.1/0 - 516,CORRIENTE ALTERNA,CONECTORES,DIMEGSA,ZAPATA CANON LARGO 1 OJILLO CAL 1/0 5/16
ZAPATA LARGA C.6 - 14,CORRIENTE ALTERNA,CONECTORES,DIMEGSA,ZAPATA CANON LARGO 1 OJILLO CAL 6 1/4
CABLE C.6 THW,CORRIENTE ALTERNA,CABLE,DIMEGSA,CABLE THW CAL 6 NEGRO INDIANA SLY291
CALBLE DES C.2,CORRIENTE ALTERNA,CABLE,DIMEGSA,CABLE COBRE DESNUDO CAL 2
UNICANAL R 4,TUBERIA,4,DIMEGSA,ABRAZADERA UNICANAL DE 4 REFORZADO
CINTA AISLANTE TEMFLEX AMARILLA,CONSUMIBLES,AISLANTES,DIMEGSA,CINTA DE PVC TEMFLEX 165 AMARILLO .019 X 18M 3M UU009472653
CURVA PG 4,TUBERIA,4,DIMEGSA,CODO CON ROSCA DE 4 PULG OMEGA
TUBO PG 4,TUBERIA,4,DIMEGSA,TUBO CON ROSCA DE 4 PULG C/COPLE OMEGA
TUBO PVC 4,TUBERIA,4,DIMEGSA,TUBO T/PESADO DE 4 PULG PVC
CINCHO T12 30cm BLANCO,CONSUMIBLES,CINCHOS,DIMEGSA,CINCHO BLANCO T12 30CM X 4.8M PTRPAF 001-CWD
CABLE XLP 1/0,MEDIA TENSION,CABLE,DIMEGSA,CABLE ENERGIA XLP AL 25KV 1/0 AISLAMIENTO 100 S/CINTAS BLOQ KOBREX
CURVA PG 3,TUBERIA,3,DIMEGSA,CODO CON ROSCA DE 3 PULG OMEGA
TUBO PG 3,TUBERIA,3,DIMEGSA,TUBO CON ROSCA DE 3 PULG C/COPLE OMEGA
SIEMENS 200A CON ZAPATAS,CORRIENTE ALTERNA,PROTECCIONES,DIMEGSA,INTERRUPTOR TERMOMAGNETICO SENTRON FXD 200A CON ZAPATAS
MONITOR 212,TUBERIA,2 1/2,DIMEGSA,MONITOR METALICO EN ZINC DE 2 1/2
MONITOR 3,TUBERIA,3,DIMEGSA,MONITOR METALICO EN ZINC DE 3
CONTRA 212,TUBERIA,2 1/2,DIMEGSA,CONTRATUERCA DE 2 1/2
CONTRA 3,TUBERIA,3,DIMEGSA,CONTRATUERCA DE 3
CONAJUST 212,TUBERIA,2 1/2,DIMEGSA,CONECTOR AJUSTE DE 2 1/2
UNICANAL R 3,TUBERIA,3,DIMEGSA,ABRAZADERA UNICANAL DE 3 REFORZADO
TERMOCONTRACTIL C.4/0-400,CONSUMIBLES,AISLANTES,DIMEGSA,TUBO TERMOCONTRACTIL CAL 4/0-400 1.20MTS 3M 80610692156
TERMOCONTRACTIL C.1000-2500,CONSUMIBLES,AISLANTES,DIMEGSA,TUBO TERMOCONTRACTIL CAL 1000-2500 1.20MTS 3M 80610677595
CABLE TETRAPOLAR 4X300+1X2,MEDIA TENSION,CABLE,DIMEGSA,CABLE AL TETRAPOLAR 4X300+1X2 MC LS S8000 S/C VIAKON ST90
CABLE C.3/0 THW,CORRIENTE ALTERNA,CABLE,DIMEGSA,CABLE THW CAL 3/0 NEGRO INDIANA SLY347
ZAPATA LARGA 2 OJILLOS C.3/0 - 12,CORRIENTE ALTERNA,CONECTORES,DIMEGSA,ZAPATA CANON LARGO 2 OJILLOS CAL 3/0 1/2 02004867
GAB S421,CORRIENTE ALTERNA,GABINETE,DIMEGSA,GABINETE NACIONAL PARA INTERRUPTORES SENTRON FXD
SIEMENS 150A CON ZAPATAS,CORRIENTE ALTERNA,PROTECCIONES,DIMEGSA,INTERRUPTOR TERMOMAGNETICO SENTRON FXD 150A CON ZAPATAS
MONITOR 1,TUBERIA,1,DIMEGSA,MONITOR METALICO EN ZINC DE 1
CONTRA 1,TUBERIA,1,DIMEGSA,CONTRATUERCA DE 1
CONDULET T 34,TUBERIA,,DIMEGSA,CONDULET SERIE 3 T 23 DE 3/4
CURVA PG 34,TUBERIA,,DIMEGSA,CODO CON ROSCA DE 3/4 PULG OMEGA
CABLE C.8 THW,CORRIENTE ALTERNA,CABLE,DIMEGSA,CABLE THW CAL 8 NEGRO INDIANA SLY296
ZAPATA C.6,CORRIENTE ALTERNA,CONECTORES,DIMEGSA,TERMINAL OJILLO DESNUDA CAL. 6 1/4 TCW052
ITM 2X70A,CORRIENTE ALTERNA,PROTECCIONES,DIMEGSA,INT 70 AMP 2 POLOS PTRS1B 001-FDR
GLANDULA N 1 ARGOS,TUBERIA,1,DIMEGSA,CONECTOR GLANDULA NYLON NEGRO 1 ARGOS
GLANDULA N 34 ARGOS,TUBERIA,,DIMEGSA,CONECTOR GLANDULA NYLON NEGRO 3/4 ARGOS
SIEMENS 125A CON ZAPATAS,CORRIENTE ALTERNA,PROTECCIONES,DIMEGSA,INTERRUPTOR TERMOMAGNETICO SENTRON ED6 125A 240 480 600VCA CON ZAPATAS
MONITOR 114,TUBERIA,1 1/4,DIMEGSA,MONITOR METALICO EN ZINC DE 1 1/4
CONTRA 114,TUBERIA,1 1/4,DIMEGSA,CONTRATUERCA DE 1 1/4
OMEGA 12,TUBERIA,,DIMEGSA,ABRAZADERA OMEGA DE 1/2
OMEGA 34,TUBERIA,,DIMEGSA,ABRAZADERA OMEGA DE 3/4
OMEGA 1,TUBERIA,1,DIMEGSA,ABRAZADERA OMEGA DE 1
CONDULET C 34,TUBERIA,,DIMEGSA,CONDULET SERIE 3 C 23 DE 3/4
CONDULET LL 1,TUBERIA,1,DIMEGSA,CONDULET SERIE 3 LL 33 DE 1
CONDULET LR 1,TUBERIA,1,DIMEGSA,CONDULET SERIE 3 LR 33 DE 1
CABLE C.10 THW INDIANA NEGRO,CORRIENTE ALTERNA,CABLE,DIMEGSA,CABLE THW CAL 10 NEGRO INDIANA SLY304
CINCHO 35cm NEGRO,CONSUMIBLES,CINCHOS,DIMEGSA,SUJETACABLE 14 PULG X 4.8 MM NEGRO
LICUAFLEX 34,TUBERIA,,DIMEGSA,TUBO LICUAFLEX DE 3/4 PULG 19MM
LICUAFLEX 114,TUBERIA,1 1/4,DIMEGSA,TUBO LICUAFLEX DE 1 1/4 PULG 32MM
CABLE C.10 THW INDIANA ROJO,CORRIENTE ALTERNA,CABLE,DIMEGSA,CABLE THW CAL 10 ROJO INDIANA SLY306
CABLE C.12 THW INDIANA BLANCO,CORRIENTE ALTERNA,CABLE,DIMEGSA,CABLE THW CAL 12 BLANCO INDIANA SLY309
CABLE C.14 THW INDIANA NEGRO,CORRIENTE ALTERNA,CABLE,DIMEGSA,CABLE THW CAL 14 NEGRO INDIANA SLY312
CABLE C.8 THW INDIANA ROJO,CORRIENTE ALTERNA,CABLE,DIMEGSA,CABLE THW CAL 8 ROJO INDIANA SLY300
CABLE C.8 THW INDIANA VERDE,CORRIENTE ALTERNA,CABLE,DIMEGSA,CABLE THW CAL 8 VERDE INDIANA SLY303
SIEMENS ED4 100A,CORRIENTE ALTERNA,PROTECCIONES,DIMEGSA,INTERRUPTOR TERMOMAGNETICO SENTRON ED4 100A 240 480VCA CON ZAPATAS
MONITOR 12,TUBERIA,,DIMEGSA,MONITOR METALICO EN ZINC DE 1/2
UNICANAL R 114,TUBERIA,1 1/4,DIMEGSA,ABRAZADERA UNICANAL DE 1 1/4 REFORZADO
CONDULET LL 114,TUBERIA,1 1/4,DIMEGSA,CONDULET SERIE 3 LL 43 DE 1 1/4
CONDULET LR 114,TUBERIA,1 1/4,DIMEGSA,CONDULET SERIE 3 LR 43 DE 1 1/4
CONDULET T 1,TUBERIA,1,DIMEGSA,CONDULET SERIE 3 T 33 DE 1
CONECTOR VARILLA,CORRIENTE ALTERNA,PROTECCIONES,DIMEGSA,CONECTOR P/VARILLA 5/8 T/ACERO
CONAJUST 12,TUBERIA,,DIMEGSA,CONECTOR AJUSTE C/OPRESOR 1/2 ACERO
UNICANAL 4X2 C.16,TUBERIA,SUJECION,DIMEGSA,UNICANAL DE 3 MTS 4X2 SENCILLO CAL 16
QUINTA T,MEDIA TENSION,CONECTORES,DIMEGSA,QUINTA TERMINAL
SIEMENS 175A CON ZAPATAS,CORRIENTE ALTERNA,PROTECCIONES,DIMEGSA,INTERRUPTOR TERMOMAGNETICO SENTRON FXD 175A CON ZAPATAS
VARILLA COOP,CORRIENTE ALTERNA,PROTECCIONES,DIMEGSA,VARILLA COOPER WELD 5/8 X 3 MTS
ATOPE C.1/0,CORRIENTE ALTERNA,CONECTORES,DIMEGSA,CONECTOR A TOPE DESNUDO CAL. 1/0 TNA708
ATOPE C.2,CORRIENTE ALTERNA,CONECTORES,DIMEGSA,CONECTOR A TOPE DESNUDO CAL. 2 TNA707
ATOPE C.2/0,CORRIENTE ALTERNA,CONECTORES,DIMEGSA,CONECTOR A TOPE DESNUDO CAL. 2/0 TNA709
ATOPE C.3/0,CORRIENTE ALTERNA,CONECTORES,DIMEGSA,CONECTOR A TOPE DESNUDO CAL. 3/0 TNA710
ATOPE C.6,CORRIENTE ALTERNA,CONECTORES,DIMEGSA,CONECTOR A TOPE DESNUDO CAL. 6 TNA705
ATOPE C.8,CORRIENTE ALTERNA,CONECTORES,DIMEGSA,CONECTOR A TOPE DESNUDO CAL. 8 TNA704
ARGOS 4X4X2,CORRIENTE ALTERNA,GABINETE,DIMEGSA,GABINETE METALICO 400X400X200 MM AGS
CONDULET C 114,TUBERIA,1 1/4,DIMEGSA,CONDULET SERIE 3 C 43 DE 1 1/4
CONDULET T 114,TUBERIA,1 1/4,DIMEGSA,CONDULET SERIE 3 T 43 DE 1 1/4
CINTA AISLANTE TEMFLEX AZUL,CONSUMIBLES,AISLANTES,DIMEGSA,CINTA DE PVC TEMFLEX 165 AZUL 019 X 18M 3M UU009468818
CINTA AISLANTE TEMFLEX NEGRO,CONSUMIBLES,AISLANTES,DIMEGSA,CINTA DE PVC TEMFLEX 165 NEGRO 19MM X 18M 3M UU009472471
CINTA AISLANTE TEMFLEX ROJO,CONSUMIBLES,AISLANTES,DIMEGSA,CINTA DE PVC TEMFLEX 165 ROJO 019 X 18M 3M UU009472679
CINTA AISLANTE TEMFLEX VERDE,CONSUMIBLES,AISLANTES,DIMEGSA,CINTA DE PVC TEMFLEX 165 VERDE 019 X 18M 3M UU009472620
TUBO PG 112,TUBERIA,1 1/2,DIMEGSA,TUBO CON ROSCA DE 1 1/2 PULG C/COPLE OMEGA
CURVA PVC 114,TUBERIA,1 1/4,DIMEGSA,CODO T/PESADO DE 1 1/4 PULG PVC
TUBO PVC 114,TUBERIA,1 1/4,DIMEGSA,TUBO T/PESADO DE 1 1/4 PULG PVC
LICUAFLEX 1,TUBERIA,1,DIMEGSA,TUBO LICUAFLEX DE 1 PULG 25MM
RIEL DIN,CONSUMIBLES,RIELES,DIMEGSA,RIEL DIN DE 2 MTS
GLANDULA N 12 DROF,TUBERIA,,DIMEGSA,CONECTOR GLANDULA NYLON NEGRO 1/2 DROF
SIEMENS 250A CON ZAPATAS,CORRIENTE ALTERNA,PROTECCIONES,DIMEGSA,INTERRUPTOR TERMOMAGNETICO SENTRON FXD 250A CON ZAPATAS
CENTRO DE CARGA 12P 3F,CORRIENTE ALTERNA,GABINETE,DIMEGSA,CENTRO DE CARGA TRIFASICO 12POLOS 125 A PTRS1B 002-FDT
CONDULET C 2,TUBERIA,2,DIMEGSA,CONDULET SERIE 3 C 63 DE 2
CONEX LICUA 2,TUBERIA,2,DIMEGSA,CONECTOR RECTO LICUATITE DE 2
CONDULET LB 2,TUBERIA,2,DIMEGSA,CONDULET SERIE 3 LB 63 DE 2
CONDULET LL 2,TUBERIA,2,DIMEGSA,CONDULET SERIE 3 LL 63 DE 2
CONDULET LR 2,TUBERIA,2,DIMEGSA,CONDULET SERIE 3 LR 63 DE 2
CONDULET T 2,TUBERIA,2,DIMEGSA,CONDULET SERIE 3 T 63 DE 2
CURVA AJUSTE 2,TUBERIA,2,DIMEGSA,CODO DE AJUSTE 2 PULG OMEGA
TUBO AJUSTE 2,TUBERIA,2,DIMEGSA,TUBO AJUSTE DE 2 PULG S/COPLE OMEGA
LICUAFLEX 2,TUBERIA,2,DIMEGSA,TUBO LICUAFLEX DE 2 PULG 50MM
ARGOS 4X3X2,CORRIENTE ALTERNA,GABINETE,DIMEGSA,GABINETE METALICO 400X300X200 MM AGS
SIEMENS 400A SIN ZAPATAS,CORRIENTE ALTERNA,PROTECCIONES,DIMEGSA,INTERRUPTOR TERMOMAGNETICO SENTRON JXD 400A NO INCLUYE ZAPATA
SIEMENS 500A,CORRIENTE ALTERNA,PROTECCIONES,DIMEGSA,INTERRUPTOR TERMOMAGNETICO SENTRON LXD 500A
ZAPATAS P SIEMENS 300A-600A,CORRIENTE ALTERNA,PROTECCIONES,DIMEGSA,ZAPATAS PARA INTERRUPTORES TERMOMAGNETICOS TIPO SENTRON JXD6 Y LXD6 ( 1 PZA)
CABLE C.3/0 THW,CORRIENTE ALTERNA,CABLE,DIMEGSA,CABLE THW CAL 3/0 NEGRO CONDULAC
OMEGA 114,TUBERIA,1 1/4,DIMEGSA,ABRAZADERA OMEGA DE 1 1/4
ZAPATA C.1/0 -14,CORRIENTE ALTERNA,CONECTORES,DIMEGSA,TERMINAL OJILLO DESNUDA CAL. 1/0 1/4 TCW081
ZAPATA C.2/0 - 14,CORRIENTE ALTERNA,CONECTORES,DIMEGSA,TERMINAL OJILLO DESNUDA CAL. 2/0 1/4 TCW091
ZAPATA C.2 - 38,CORRIENTE ALTERNA,CONECTORES,DIMEGSA,TERMINAL OJILLO DESNUDA CAL. 2 3/8 TCW073
ZAPATA C.3/0 - 38,CORRIENTE ALTERNA,CONECTORES,DIMEGSA,TERMINAL OJILLO DESNUDA CAL. 3/0 3/8 TCW102
MONITOR 112,TUBERIA,1 1/2,DIMEGSA,MONITOR METALICO EN ZINC DE 1 1/2
CONTRA 12,TUBERIA,,DIMEGSA,CONTRATUERCA DE 1/2
CONTRA 112,TUBERIA,1 1/2,DIMEGSA,CONTRATUERCA DE 1 1/2
UNICANAL R 2,TUBERIA,2,DIMEGSA,ABRAZADERA UNICANAL DE 2 REFORZADO
TERMOCONTRACTIL C.12-6,CONSUMIBLES,AISLANTES,DIMEGSA,TUBO TERMOCONTRACTIL CAL 12-6 120MTS 3M 80610677603
TERMOCONTRACTIL C.2-2/0,CONSUMIBLES,AISLANTES,DIMEGSA,TUBO TERMOCONTRACTIL CAL 2-2/0 120MTS 3M 80610677629
TERMOCONTRACTIL C.1-4/0,CONSUMIBLES,AISLANTES,DIMEGSA,TUBO TERMOCONTRACTIL CAL 1-4/0 120MTS 3M 80610693469
ZAPATA C.1/0 - 38,CORRIENTE ALTERNA,CONECTORES,DIMEGSA,TERMINAL OJILLO DESNUDA CAL. 1/0 3/8 TCW083
ZAPATA C.2 - 14,CORRIENTE ALTERNA,CONECTORES,DIMEGSA,TERMINAL OJILLO DESNUDA CAL. 2 1/4 TCW071
ZAPATA C.3/0 - 12,CORRIENTE ALTERNA,CONECTORES,DIMEGSA,TERMINAL OJILLO DESNUDA CAL. 3/0 1/2 TCW104
DERRANT 5X4X2,CORRIENTE ALTERNA,GABINETE,DIMEGSA,GABINETE METALICO 500X400X200 MM DNT
DERRANT 6X6X3,CORRIENTE ALTERNA,GABINETE,DIMEGSA,GABINETE METALICO 600X600X300 MM DNT
BASE M 5100 CUAD,MEDIA TENSION,BASE,DIMEGSA,BASE P WATHORIMETRO CUADRADA 100A C 5A MORDAZA NO INCLUYE CONECTOR C HAMMER RESI
CENTRO DE CARGA 6P,CORRIENTE ALTERNA,GABINETE,DIMEGSA,CENTRO DE CARGA 6P PTRS1B 002-FDT
GLANDULA N 1 DROF,TUBERIA,1,DIMEGSA,CONECTOR GLANDULA NYLON NEGRO 1 DROF
CONDULET C 1,TUBERIA,1,DIMEGSA,CONDULET SERIE 3 C 33 DE 1
CURVA PG 112,TUBERIA,1 1/2,DIMEGSA,CODO CON ROSCA DE 1 1/2 PULG OMEGA
CABLE NEUTRANEL 2+1 C.6,MEDIA TENSION,CABLE,DIMEGSA,CABLE NEUTRANEL 2X6+1X6 AAC/AAC 600V C DEL NORTE C020
CABLE NEUTRANEL 3+1 C.2,MEDIA TENSION,CABLE,DIMEGSA,CABLE NEUTRANEL 3X2+1X2 AAC/AAC 600V C DEL NORTE C041
UNICANAL 4X4 C.16,TUBERIA,SUJECION,DIMEGSA,UNICANAL DE 3 MTS 4X4 SENCILLO CAL 16
ITM 2X100A,CORRIENTE ALTERNA,PROTECCIONES,DIMEGSA,INT TERMOMAG QO 2P 100 A PTRS1B 001-FDR
GAB S701,CORRIENTE ALTERNA,GABINETE,DIMEGSA,GABINETE NACIONAL PARA INTERRUPTORES SENTRON JXD LXD
OMEGA 1,TUBERIA,1,DIMEGSA,ABRAZADERA TIPO OMEGA PARED GRUESA 1
OMEGA 114,TUBERIA,1 1/4,DIMEGSA,ABRAZADERA TIPO OMEGA PARED GRUESA 1 1/4
CURVA AJUSTE 34,TUBERIA,,DIMEGSA,CODO DE AJUSTE 3/4 PULG OMEGA
CURVA AJUSTE 1,TUBERIA,1,DIMEGSA,CODO DE AJUSTE 1 PULG OMEGA
CURVA AJUSTE 114,TUBERIA,1 1/4,DIMEGSA,CODO DE AJUSTE 1 1/4 PULG OMEGA
MONITOR 34 CMN,TUBERIA,,DIMEGSA,MONITOR METALICO 3/4
ITM 3X60A,CORRIENTE ALTERNA,PROTECCIONES,DIMEGSA,INT TERMOMAG QO 3P 60 A PTRS1B 001-FDR
BASE M 4100 RED,MEDIA TENSION,BASE,DIMEGSA,BASE WALTTHORIMETRO MONO 100A 4 TERMINALES 127V 202537
CINCHO T14 35cm BLANCO,CONSUMIBLES,CINCHOS,DIMEGSA,CINCHO BLANCO T14 35CM X 4.8M PTRPAF 001-CWD
CONAJUSTE 2,TUBERIA,2,DIMEGSA,CONECTOR AJUSTE DE 2
COPLE AJUSTE 2,TUBERIA,2,DIMEGSA,COPLE PARED DELGADA DE 2
CONECTOR L C.4 A 4/0,MEDIA TENSION,CONECTORES,DIMEGSA,CONECTOR COMPRESION L 4-4/0 VCL-66
FRENTE DE CC 32P,CORRIENTE ALTERNA,GABINETE,DIMEGSA,FRENTE DE 32 SOBREPONERPARA TAB NQ20 NF PTRSDT 002-FDT
CENTRO DE CARGA 30P 3F,CORRIENTE ALTERNA,GABINETE,DIMEGSA,INTERIOR NQ 225A 30P 3F4HZAPATAS PRINC PTRSDT 002-FDT
OMEGA 112,TUBERIA,1 1/2,DIMEGSA,ABRAZADERA OMEGA DE 1 1/2
UNICANAL R 112,TUBERIA,1 1/2,DIMEGSA,ABRAZADERA UNICANAL DE 1 1/2 REFORZADO
CONDULET C 112,TUBERIA,1 1/2,DIMEGSA,CONDULET SERIE 3 C 53 DE 1 1/2
CONEX LICUA 112,TUBERIA,1 1/2,DIMEGSA,CONECTOR RECTO LICUATITE DE 1 1/2
CONDULET LB 112,TUBERIA,1 1/2,DIMEGSA,CONDULET SERIE 3 LB 53 DE 1 1/2
CONDULET LL 112,TUBERIA,1 1/2,DIMEGSA,CONDULET SERIE 3 LL 53 DE 1 1/2
CONDULET LR 112,TUBERIA,1 1/2,DIMEGSA,CONDULET SERIE 3 LR 53 DE 1 1/2
CONDULET T 112,TUBERIA,1 1/2,DIMEGSA,CONDULET SERIE 3 T 53 DE 1 1/2
COPLE ROSCA 112,TUBERIA,1 1/2,DIMEGSA,COPLE CON ROSCA DE 1 1/2 PULG OMEGA
ZAPATA C.4 - 5/16,CORRIENTE ALTERNA,CONECTORES,DIMEGSA,TERMINAL OJILLO DESNUDA CAL. 4 5/16 TCW062
LICUAFLEX 112,TUBERIA,1 1/2,DIMEGSA,TUBO LICUAFLEX DE 1 1/2 PULG 38MM
CENTRO DE CARGA 3P,CORRIENTE ALTERNA,GABINETE,DIMEGSA,CENTRO DE CARGA 3 POLOSSOBREPONER COLOR GRIS PTRS1B 002-FDT
VARILLA COOP,CORRIENTE ALTERNA,PROTECCIONES,DIMEGSA,VARILLA COOPER CADWELD 5/8 X 3MTS C PROTOCOLO
UNICANAL 1,TUBERIA,1,DIMEGSA,ABRAZADERA UNICANAL PARED GRUESA 1
CURVA PVC 1,TUBERIA,1,DIMEGSA,CODO T/PESADO DE 1 PULG PVC
CONEC PVC 1,TUBERIA,1,DIMEGSA,CONECTOR T/PESADO DE 1 PULG PVC
CONEC PVC 114,TUBERIA,1 1/4,DIMEGSA,CONECTOR T/PESADO DE 1 1/4 PULG PVC
COPLE PVC 1,TUBERIA,1,DIMEGSA,COPLE T/PESADO DE 1 PULG PVC
COPLE PVC 114,TUBERIA,1 1/4,DIMEGSA,COPLE T/PESADO DE 1 1/4 PULG PVC
TUBO PVC 1,TUBERIA,1,DIMEGSA,TUBO T/PESADO DE 1 PULG PVC
SIEMENS 70A,CORRIENTE ALTERNA,PROTECCIONES,DIMEGSA,INTERRUPTOR TERMOMAGNETICO SENTRON ED6 70A 240 480 600VCA CON ZAPATAS
CINTA AISLANTE TEMFLEX BLANCA,CONSUMIBLES,AISLANTES,DIMEGSA,CINTA DE PVC TEMFLEX 165 BLANCO 019 X 18M 3M UU009472661
CONECTOR L C.6 A 1/0,MEDIA TENSION,CONECTORES,DIMEGSA,CONECTOR COMPRESION L 6-1/0 VCL-54
REDUCCION 34 A 12,TUBERIA,,DIMEGSA,REDUCCION BUSHING DE ALUMINIO RE21 19MM A 13MM
REDUCCION 1 A 34,TUBERIA,1,DIMEGSA,REDUCCION BUSHING DE ALUMINIO RE32 25MM A 19MM
REDUCCION 114 A 34,TUBERIA,1 1/4,DIMEGSA,REDUCCION BUSHING DE ALUMINIO RE42 32MM A 19MM
REDUCCION 114 A 1,TUBERIA,1 1/4,DIMEGSA,REDUCCION BUSHING DE ALUMINIO RE43 32MM A 25MM
REDUCCION 112 A 1,TUBERIA,1 1/2,DIMEGSA,REDUCCION BUSHING DE ALUMINIO RE53 38MM A 25MM
ITM 3X100A,CORRIENTE ALTERNA,PROTECCIONES,DIMEGSA,INT TERMOMAG QO 3P 100 A PTRS1B 001-FDR
ITM 3X20A,CORRIENTE ALTERNA,PROTECCIONES,DIMEGSA,INT 20 AMP 3 POLOS PTRS1B 001-FDR
ITM 3X40A,CORRIENTE ALTERNA,PROTECCIONES,DIMEGSA,INT 40 AMP 3 POLOS PTRS1B 001-FDR
CONECTOR COMPRES 1,TUBERIA,1,DIMEGSA,CONECTOR DE COMPRESION DE 1
CONECTOR COMPRES 2,TUBERIA,2,DIMEGSA,CONECTOR DE COMPRESION DE 2
COPLE COMPRESION 1,TUBERIA,1,DIMEGSA,COPLE A COMPRESION DE 1
TUBO AJUSTE 1,TUBERIA,1,DIMEGSA,TUBO AJUSTE DE 1 PULG S/COPLE OMEGA
COPLE ROSCADO 2,TUBERIA,2,DIMEGSA,COPLE CON ROSCA DE 2 PULG OMEGA
CINCHO T12 30cm NEGRO,CONSUMIBLES,CINCHOS,DIMEGSA,CINCHO NEGRO T12 30CM X 4.8M PTRPAF 001-CWD
MUFA 2,TUBERIA,2,DIMEGSA,MUFA CON ROSCA 2
COPLE COMPRESION 2,TUBERIA,2,DIMEGSA,COPLE A COMPRESION DE 2
ZAPATA LARGA C.3/0 - 12,CORRIENTE ALTERNA,CONECTORES,DIMEGSA,ZAPATA CANON CORTO 1 OJILLO CAL 3/0 1/2
CABLE C.2/0 THW INDIANA,CORRIENTE ALTERNA,CABLE,DIMEGSA,CABLE THW CAL 2/0 NEGRO INDIANA SLY346
DERRANT 6X5X25,CORRIENTE ALTERNA,GABINETE,DIMEGSA,GABINETE METALICO 600X500X250 MM DNT
DERRANT 8X8X3,CORRIENTE ALTERNA,GABINETE,DIMEGSA,GABINETE METALICO 800X800X300 MM DNT
CABLE DES C.8,CORRIENTE ALTERNA,CABLE,DIMEGSA,CABLE COBRE DESNUDO CAL 8
CABLE DES C.6,CORRIENTE ALTERNA,CABLE,DIMEGSA,CABLE COBRE DESNUDO CAL 6
UNICANAL 2,TUBERIA,2,DIMEGSA,ABRAZADERA UNICANAL DE 2
DERRANT 4X4X2,CORRIENTE ALTERNA,GABINETE,DIMEGSA,GABINETE METALICO 400X400X200 MM DNT
,,,,
PIJA GALVANIZADA 212,ESTRUCTURA,TORNILLERIA,TORNINOX,PIJA HEXAGONAL 1/4 X 2 1/2
PIJABROCA GALVANIZADA 212,ESTRUCTURA,TORNILLERIA,TORNINOX,PIJA BROCA HEX 14 X 1 1/2
TORNILLO 38,ESTRUCTURA,TORNILLERIA,TORNINOX,TOR HEX INOX 3/8 X 1
TUERCA 38,ESTRUCTURA,TORNILLERIA,TORNINOX,TCA HEX INOX 3/8
RONDANA 38,ESTRUCTURA,TORNILLERIA,TORNINOX,ROND PLANA INOX 3/8
TORNILLO Z,ESTRUCTURA,TORNILLERIA,TORNINOX,TOR HEX INOX 1/4 X 1
TORNILLO T,ESTRUCTURA,TORNILLERIA,TORNINOX,TOR HEX INOX CC 1/4 X 2 1/2
TORNILLO 3,ESTRUCTURA,TORNILLERIA,TORNINOX,TOR HEX INOX CC 1/4 X 3
TUERCA 14,ESTRUCTURA,TORNILLERIA,TORNINOX,TCA HEX INOX 1/4
RONDANA 14,ESTRUCTURA,TORNILLERIA,TORNINOX,ROND PLANA INOX 1/4
RONDANA PRESION 14,ESTRUCTURA,TORNILLERIA,TORNINOX,ROND PRESION INOX 1/4
TORNILLO G5 38,ESTRUCTURA,TORNILLERIA,TORNINOX,TOR GRADO 5 3/8 X 1
TUERCA G5 38,ESTRUCTURA,TORNILLERIA,TORNINOX,TCA GRADO 5 3/8
RONDANA PRESION 38,ESTRUCTURA,TORNILLERIA,TORNINOX,ROND PRESION 3/8
PIJABROCA GALVANIZADA 2,ESTRUCTURA,TORNILLERIA,TORNINOX,PIJA BROCA HEX 14 X 2
,,,,
,,,,
CINTAGOMA,ESTRUCTURA,SUJECION,MUNDO DE HULE,EMPAQUE AUTOADHERIBLE 1 1/2 X 1/4 C ADH
,,,,
TORNILLO 38,ESTRUCTURA,TORNILLERIA,MUNDO DEL TORNILLO,TOR HEX INOX STD 
RONDANA 14,ESTRUCTURA,TORNILLERIA,MUNDO DEL TORNILLO,ROND INOX T304 PLAN 1/4
TUERCA 14,ESTRUCTURA,TORNILLERIA,MUNDO DEL TORNILLO,TCA STD INOX 1/4
TORNILLO M8 X 40,ESTRUCTURA,TORNILLERIA,MUNDO DEL TORNILLO,TOR HEX INOX 8 x 40
TUERCA 8M,ESTRUCTURA,TORNILLERIA,MUNDO DEL TORNILLO,TUERCA FLANGE 8 MM INOX
RONDANA 8M,ESTRUCTURA,TORNILLERIA,MUNDO DEL TORNILLO,RONDANA DE PRESION INOX 8 MM
TUERCA 8M INOX,ESTRUCTURA,TORNILLERIA,MUNDO DEL TORNILLO,TUERCA FLANGE INOXIDABLE 8 MM
TORNILLO 4,ESTRUCTURA,TORNILLERIA,MUNDO DEL TORNILLO,TOR HEX INOX 1/4 X4
RONDANA PRESION 14,ESTRUCTURA,TORNILLERIA,MUNDO DEL TORNILLO,ROND INOX T304 PRES 1/4
PIJA GALVANIZADA 212,ESTRUCTURA,TORNILLERIA,MUNDO DEL TORNILLO,PIJA HEX GALV. 14X2 1/2
PIJA INOX 212,ESTRUCTURA,TORNILLERIA,MUNDO DEL TORNILLO,PIJA HEX INOX 14 X 2 1/2
TORNILLO Z,ESTRUCTURA,TORNILLERIA,MUNDO DEL TORNILLO,TOR HEX INOX STD 1/4 x 1
TUERCA 38,ESTRUCTURA,TORNILLERIA,MUNDO DEL TORNILLO,TCA STD INOX 3/8
RONDANA 38,ESTRUCTURA,TORNILLERIA,MUNDO DEL TORNILLO,ROND INOX T304 PLAN 3/8
,,,,
PTR 2 C.14,ESTRUCTURA,PTR,TUPLASA LP,PTR C-14 AZL 2
SOLDADURA 6013 PN,CONSUMIBLES,SOLDADURA,TUPLASA LP,SOLDADURA INFRA 6013 1/8 
ANGULO METAL 316X112,ESTRUCTURA,PTR,TUPLASA LP,ANGULO 3/16 X 1 1/2
BROCHA PRETUL 2,CONSUMIBLES,HERRAMIENTA,TUPLASA LP,BROCHA PRETUL 
GALON S/R NEGRO,CONSUMIBLES,SOLVENTES Y MAS,TUPLASA LP,GALON PINT S/R NEGRO
LT S/R NEGRO,CONSUMIBLES,SOLVENTES Y MAS,TUPLASA LP,LIT PINTURA S/R NEG
DISCO MAKITA 14,CONSUMIBLES,HERRAMIENTA,TUPLASA LP,"DISCO PARA CORTE 14"" MAKITA"
DISCO BALANCE 412,CONSUMIBLES,HERRAMIENTA,TUPLASA LP,DISCO PARA CORTE PRECISO 4 1/2 BALANCE
BROCHA PRETUL 112,CONSUMIBLES,HERRAMIENTA,TUPLASA LP,BROCHA PRETUL 
GALON S/R CHOCOLATE,CONSUMIBLES,SOLVENTES Y MAS,TUPLASA LP,GALON PINT S/R CHOCOLATE
,,,,
BATERIA GROWWAT 2.5,INVERSOR,AISLADO,COREY SOLAR,GROWATT BATERÍA ARK 2.5
LONGI 550 MONO,PANEL SOLAR,MONOCRISTALINO,COREY SOLAR,LONGI 550W LR5 - 72HPH 550M
JINKO 555 MONO,PANEL SOLAR,MONOCRISTALINO,COREY SOLAR,JINKO 555W - JKM555 M
MICRO HOYMILES 800W,INVERSOR,MONOFASICO,COREY SOLAR,HOYMILES HMS 800 127V
CABLE HOYMILES,INVERSOR,MONOFASICO,COREY SOLAR,HOYMILES HOY TRUNK CABLE PARA HMS
EMPALME HOYMILES,INVERSOR,MONOFASICO,COREY SOLAR,HOYMILES AC T CONNECTOR PARA HMS
CAPUCHA HOYMILES,INVERSOR,MONOFASICO,COREY SOLAR,HOYMILES AC T END CAP PARA HMS
PEDESTAL GROWATT,INVERSOR,AISLADO,COREY SOLAR,GROWATT PEDESTAL BATERÍAS ARK 2.5
GROWAT 3K,INVERSOR,AISLADO,COREY SOLAR,GROWATT SPF 3000 TL LVM 48P
SOLIS S6 3.6K 2F,INVERSOR,BIFASICO,COREY SOLAR,SOLIS MINI S6-GR1P.3.6K-M
SOLIS S6 5K 2F,INVERSOR,BIFASICO,COREY SOLAR,SOLIS S6-GR1P 5K UL
SOLIS S6 6K 2F,INVERSOR,BIFASICO,COREY SOLAR,SOLIS S6-GR1P 6K UL
SOLIS S5 8K 2F,INVERSOR,BIFASICO,COREY SOLAR,SOLIS S5 GR1P8K LV
SOLIS S5 10K 2F,INVERSOR,BIFASICO,COREY SOLAR,SOLIS S5-GR1P10K
CABLE GROWATT 2.5,INVERSOR,AISLADO,COREY SOLAR,GROWATT CABLE BATERÍA ARK 2.5
,,,,
CINTA MASKING 2,CONSUMIBLES,EXTRAS,ARTUROS SUC. FISCALIA,"CINTA MASKING AZUL 2"" 3M"
BROCHA LA SUPER 212,CONSUMIBLES,HERRAMIENTA,ARTUROS SUC. FISCALIA,BROCHA LA SUPER 2 1/2 BYP
BROCA AV 14,CONSUMIBLES,BROCAS,ARTUROS SUC. FISCALIA,BROCA P/FIERRO AV 1/4
BROCA AV 38,CONSUMIBLES,BROCAS,ARTUROS SUC. FISCALIA,BROCA PARA FIERRO AV 3/8
TAQUETE PLAST 38 50PZ,CONSUMIBLES,EXTRAS,ARTUROS SUC. FISCALIA,TAQUETE DE PLASTICO 3/8
BROCHA LA SUPER 2,CONSUMIBLES,HERRAMIENTA,ARTUROS SUC. FISCALIA,"BROCHA LA SUPER 2"" BYP"
DURETAN PENNSYLVANIA BLANCO,CONSUMIBLES,EXTRAS,ARTUROS SUC. FISCALIA,DURETAN CARTUCHO BCO.300ML.PENNSYLVANIA
DISCO MAKITA 14,CONSUMIBLES,DISCOS,ARTUROS SUC. FISCALIA,"DISCO DE CORTE 14"" MAKITA"
DISCO SUPERFLEX 412,CONSUMIBLES,DISCOS,ARTUROS SUC. FISCALIA,DISCO DE CORTE 4 1/2 SUPER FLEX
BICOLOR,CONSUMIBLES,EXTRAS,ARTUROS SUC. FISCALIA,LAPIZ BICOLOR GRUESO
YESO,CONSUMIBLES,EXTRAS,ARTUROS SUC. FISCALIA,YESO
DURETAN PURFLEX GRIS,CONSUMIBLES,EXTRAS,ARTUROS SUC. FISCALIA,SELLADOR DE POLIURETANO PURFLEX 300 ML GRIS FISCHER
BROCA HSS 14,CONSUMIBLES,BROCAS,ARTUROS SUC. FISCALIA,"BROCA HSS 1/4' TRUGOLD PARA METAL, TRUPER EXPERT"
BROCA HSS 38,CONSUMIBLES,BROCAS,ARTUROS SUC. FISCALIA,"BROCA HSS 3/8' TRUGOLD PARA METAL, TRUPER EXPERT"
DISCO HERCORT 412,CONSUMIBLES,DISCOS,ARTUROS SUC. FISCALIA,DISCO ABRAS HERCORT 41/2
CINTA AISLANTE NEGRO,CONSUMIBLES,AISLANTES,ARTUROS SUC. FISCALIA,CINTA AISLANTE DE PVC COLOR NEGRO 3/4 POR 18 MTS
DURETAN PENNSYLVANIA BLANCO,CONSUMIBLES,EXTRAS,ARTUROS SUC. FISCALIA,DURETAN CARTUCHO BLANCO 300ML.PENNSYLVANIA
,,,,
DADO IMANTADO 3/8,CONSUMIBLES,EXTRAS,ARTUROS SUC. SANTA ANA,DADO IMANTADO 3/8 X 1 3/4
PIJA MADERA 144,ESTRUCTURA,TORNILLERIA,ARTUROS SUC. SANTA ANA,PIJA PARA MADERA 14X4
PIJA GALVANIZADA 144,ESTRUCTURA,TORNILLERIA,ARTUROS SUC. SANTA ANA,PIJA HEXAGONAL 1/4 X 4
TAQUETE PLAST 38 50PZ,CONSUMIBLES,EXTRAS,ARTUROS SUC. SANTA ANA,TAQUETE DE PLASTICO 3/8
BICOLOR,CONSUMIBLES,EXTRAS,ARTUROS SUC. SANTA ANA,LAPIZ BICOLOR GRUESO
DURETAN PENNSYLVANIA BLANCO,CONSUMIBLES,EXTRAS,ARTUROS SUC. SANTA ANA,DURETAN CARTUCHO 
DISCO MAKITA 14,CONSUMIBLES,DISCOS,ARTUROS SUC. SANTA ANA,"DISCO DE CORTE 14"" MAKITA"
BROCA HSS 38,CONSUMIBLES,BROCAS,ARTUROS SUC. SANTA ANA,"BROCA HSS 3/8' TRUGOLD PARA METAL, TRUPER EXPERT"
BROCA HSS 14,CONSUMIBLES,BROCAS,ARTUROS SUC. SANTA ANA,"BROCA HSS 1/4' TRUGOLD PARA METAL, TRUPER EXPERT"
DISCO HERCORT 412,CONSUMIBLES,DISCOS,ARTUROS SUC. SANTA ANA,DISCO ABRAS HERCORT 41/2
DURETAN SALCHICHA GRIS,CONSUMIBLES,EXTRAS,ARTUROS SUC. SANTA ANA,SALCHICHA SELLADOR DE POLIURETANO GRIS 600 ML DURETAN
PINTURA BCA AGUA LT,CONSUMIBLES,SOLVENTES Y MAS,ARTUROS SUC. SANTA ANA,PINTURA 5 ESTRELLAS BLANCO 1LT
DISCO SUPERFLEX 412,CONSUMIBLES,DISCOS,ARTUROS SUC. SANTA ANA,DISCO DE CORTE 4 1/2 SUPER FLEX
YESO,CONSUMIBLES,EXTRAS,ARTUROS SUC. SANTA ANA,YESO
BROCHA LA SUPER 2,CONSUMIBLES,HERRAMIENTA,ARTUROS SUC. SANTA ANA,"BROCHA LA SUPER 2"" BYP"
DURETAN PURFLEX BLANCO,CONSUMIBLES,EXTRAS,ARTUROS SUC. SANTA ANA,SELLADOR DE POLIURETANO PURFLEX 300 ML BLANCO
DISCO AXTECH 14,CONSUMIBLES,DISCOS,ARTUROS SUC. SANTA ANA,"DISCO DE CORTE DELGADO 14"" AXTECH"
DURETAN GRIS,CONSUMIBLES,EXTRAS,ARTUROS SUC. SANTA ANA,DURETAN CARTUCHO GRIS 300 ML
DISCO HERCORT 412,CONSUMIBLES,DISCOS,ARTUROS SUC. SANTA ANA,"DISCO ABRASIVO DE CORTE DE 4 1/2"" X 3/64"" X 7/8"" HECORT"
DISCO 14,CONSUMIBLES,DISCOS,ARTUROS SUC. SANTA ANA,DISCO CORTE METAL 14 X7/64X1
ESPUMA POLIURETANO XL,CONSUMIBLES,EXTRAS,ARTUROS SUC. SANTA ANA,ESPUMA DE POLIURETANO PRESTO 750ML. 
ESPUMA POLIURETANO G,CONSUMIBLES,EXTRAS,ARTUROS SUC. SANTA ANA,ESPUMA DE POLIURETANO PRESTO 300ML. FOAM
DISCO CONCRETO LION T,CONSUMIBLES,DISCOS,ARTUROS SUC. SANTA ANA,"DISCO DIAMANTE 4 1/2"" RIN SEGMENTADO "
CINTA TEFLON,CONSUMIBLES,EXTRAS,ARTUROS SUC. SANTA ANA,"CINTA SELLA ROSCAS 3/4' X 13 M DE LARGO, INDUSTRIAL, EXPERT"
NIPLE GALV 212,CONSUMIBLES,EXTRAS,ARTUROS SUC. SANTA ANA,"NIPLE GALV. 2 1/2"" X C.C."
RED CAMPANA 3A212,CONSUMIBLES,EXTRAS,ARTUROS SUC. SANTA ANA,REDUCCION CAMPANA 3 X 2 1/2 
CABLE C.8 THW B,CORRIENTE ALTERNA,CABLE,ARTUROS SUC. SANTA ANA,CABLE THW CAL 8 600V BLANCO
DURETAN PENNSYLVANIA GRIS,CONSUMIBLES,EXTRAS,ARTUROS SUC. SANTA ANA,DURETAN CARTUCHO BLANCO 300ML.PENNSYLVANIA
DISCO 14 MAKITA,CONSUMIBLES,DISCOS,ARTUROS SUC. SANTA ANA,"DISCO DE CORTE METAL MAKITA 14"""
PIJA GALVANIZADA 212 100PZ,ESTRUCTURA,TORNILLERIA,ARTUROS SUC. SANTA ANA,"BOLSA CON 100 PIJAS CABEZA HEXAGONAL, #14 X 2-1/2', FIERO"
PUNTILLA 516,CONSUMIBLES,EXTRAS,ARTUROS SUC. SANTA ANA,"ADAPTADOR P/TALADRO DE CAJA MAGNETICA 5/16"""
BROCA ROTOMART 38X8,CONSUMIBLES,BROCAS,ARTUROS SUC. SANTA ANA,"BROCA SDS PLUS 3/8 X 8', TRUPER"
GUANTE N,CONSUMIBLES,EPP,ARTUROS SUC. SANTA ANA,GUANTE PALMA NITRIO NEGRO MED.
DISCO 14 AUSTROMEX,CONSUMIBLES,DISCOS,ARTUROS SUC. SANTA ANA,"DISCO DE CORTE 14"" AUSTROMEX"
GUANTE SOLDADOR,CONSUMIBLES,EPP,ARTUROS SUC. SANTA ANA,GUANTES DE CARNAZA PARA SOLDADOR 14 TRUEPOWER
MADEJA DE HILO SRTK,CONSUMIBLES,HERRAMIENTA,ARTUROS SUC. SANTA ANA,HILO PARA CONTRUCCION 165 MTS SURTEK
CINCHO PLASTICO 40CM 25PZ,CONSUMIBLES,CINCHOS,ARTUROS SUC. SANTA ANA,"BOLSA CON 25 CINCHOS PLÁSTICOS 50 LB, 400X4.5 MM, NEGROS"
BROCHA TULMAX 212,CONSUMIBLES,HERRAMIENTA,ARTUROS SUC. SANTA ANA,BROCHA DE USO GENERAL CERDA NATURAL 2 1/2 TULMAX
AEROSOL NARANJA NEOR,CONSUMIBLES,SOLVENTES Y MAS,ARTUROS SUC. SANTA ANA,"PINTURA EN AEROSOL, NARANJA NEÓN, BOTE ESBELTO, 400 ML"
DISCO DEWALT 14,CONSUMIBLES,DISCOS,ARTUROS SUC. SANTA ANA,"DISCO ABRASIVO 14"" DEWALT"
PORTAELECTRODOS 300 LION T,CONSUMIBLES,HERRAMIENTA,ARTUROS SUC. SANTA ANA,PINZA PORTA ELECTRODO 300 A LION TOOLS
PINZATIERRA 500 TRUEPWR,CONSUMIBLES,HERRAMIENTA,ARTUROS SUC. SANTA ANA,PINZA PARA TIERRA 500 AMPERES TRUEPOWER
GUANTE N,CONSUMIBLES,EPP,ARTUROS SUC. SANTA ANA,GUANTES PALMA NITRILO NEGRO CHICO
CINCHO SURTEK 20CM 50PZ,CONSUMIBLES,CINCHOS,ARTUROS SUC. SANTA ANA,CINCHOS 203X3.6 MM 50 PZS NATURAL SURTEK
PIJA GALVANIZADA 112,ESTRUCTURA,TORNILLERIA,ARTUROS SUC. SANTA ANA,PIJA 14*1 1/2 FIJADORA
BROCA HSS 14 TRUESILVER,CONSUMIBLES,BROCAS,ARTUROS SUC. SANTA ANA,"BROCA HSS 1/4' TRUSILVER PARA METAL, TRUPER"
BROCA HSS 38 TRUESILVER,CONSUMIBLES,BROCAS,ARTUROS SUC. SANTA ANA,"BROCA HSS 3/8' TRUSILVER PARA METAL, TRUPER"
THINER AMERICANO,CONSUMIBLES,SOLVENTES Y MAS,ARTUROS SUC. SANTA ANA,THINNER AMERICANO LITROS
IMPERMIABILIZANTE 20A 5,CONSUMIBLES,IMPERMEABILIZANTE,ARTUROS SUC. SANTA ANA,IMPERMEABILIZANTE FIBRATADO 5 Aï¿½OS 19 LTS MASTERPROOF
,,,,
GAB S701,CORRIENTE ALTERNA,GABINETE,ELEKTRON,GABINETE MET.PARA INT.JXD6/LXD
CINTA AISLANTE TEMFLEX NEGRO,CONSUMIBLES,AISLANTES,ELEKTRON,CINTA 
CINTA AISLANTE TEMFLEX ROJA,CONSUMIBLES,AISLANTES,ELEKTRON,CINTA AISLAR TEMFLEX 165 ROJA
CINTA AISLANTE TEMFLEX VERDE,CONSUMIBLES,AISLANTES,ELEKTRON,CINTA AISLARTEMFLEX 165 VERDE
UNICANAL 1 ANCLO,TUBERIA,1,ELEKTRON,"ABRAZADERA UNICAL 1"" ANCLO"
UNICANAL 34 ANCLO,TUBERIA,,ELEKTRON,"ABRAZADERA UNICAL 3/4"" ANCLO"
CONTRA 1 ANCLO,TUBERIA,1,ELEKTRON,"CONTRA DE 1"" ANCLO"
CONTRA 34 ANCLO,TUBERIA,,ELEKTRON,"CONTRA 3/4"" ANCLO"
CONEX LICUA 34,TUBERIA,,ELEKTRON,"CONECT LICUATITE RECTO 3/4"" AN"
CONEX LICUA 1,TUBERIA,1,ELEKTRON,"CONECT LICUATITE RECTO 1"" ANCL"
MONITOR 1 ANCLO,TUBERIA,1,ELEKTRON,"MONITOR 1"" ANCLO"
MONITOR 34 ANCLO,TUBERIA,,ELEKTRON,"MONITOR 3/4"" ANCLO"
OMEGA 1 ANCLO,TUBERIA,1,ELEKTRON,"ABRAZADERA OMEGA E/A 1"" ANCLO"
OMEGA 34 ANCLO,TUBERIA,,ELEKTRON,"ABRAZADERA OMEGA E/A 3/4"" ANC"
CONDULET C 34,TUBERIA,,ELEKTRON,CONDULET C SERIE 3 DE 3/4
CONDULET LB 34,TUBERIA,,ELEKTRON,CONDULET LB SERIE 3 DE 3/4
CONDULET LL 34,TUBERIA,,ELEKTRON,CONDULET LL SERIE 3 DE 3/4
CONDULRET LR 34,TUBERIA,,ELEKTRON,CONDULET LR SERIE 3 DE 3/4
CINCHO 36CM NEGRO,CONSUMIBLES,CINCHOS,ELEKTRON,COLLARIN 4.6 X 360MM NEGRO UV
CURVA PG 34,TUBERIA,,ELEKTRON,CODO GALVANIZADO E/A 3/4 (21MM
CURVA PG 1,TUBERIA,1,ELEKTRON,CODO GALVANIZADO E/A 1 (27MM)
VARILLA COOP,CORRIENTE ALTERNA,PROTECCIONES,ELEKTRON,VARILLA P/TIERRA 5/8X3 C/PRO
BASE M 5100 CUAD,MEDIA TENSION,BASE,ELEKTRON,BASE 1F 5 MORDAZAS 100A SQD P9
ITM 2X30A,CORRIENTE ALTERNA,PROTECCIONES,ELEKTRON,QO 
ITM 2X40A,CORRIENTE ALTERNA,PROTECCIONES,ELEKTRON,QO 
ITM 2X50A,CORRIENTE ALTERNA,PROTECCIONES,ELEKTRON,QO 
CENTRO DE CARGA 2P,CORRIENTE ALTERNA,GABINETE,ELEKTRON,C.C 2P 50A 120/240V SOBREPO P9
LICUAFLEX 1,TUBERIA,1,ELEKTRON,MTS TUBO LICUAFLEX DE 1 TRAMO
LICUAFLEX 34,TUBERIA,,ELEKTRON,MTS TUBO LICUAFLEX DE 3/4 TRAM
CINTA AISLANTE TEMFLEX AZUL,CONSUMIBLES,AISLANTES,ELEKTRON,CINTA AISLAR TEMFLEX 165 AZUL
MONITOR 12 ANCLO,TUBERIA,,ELEKTRON,"MONITOR 1/2"" ANCLO"
CONAJUST 12,TUBERIA,,ELEKTRON,"CONECT P/DELGADA T/A 1/2"""
CABLE C.8 THW N,CORRIENTE ALTERNA,CABLE,ELEKTRON,MTS CABLE THW CAL 8 NGO CAJA
ZAPATA C.8 - 12,CORRIENTE ALTERNA,GABINETE,ELEKTRON,TERM. ANILLO S/A CAL.8 
QUINTA T,MEDIA TENSION,CONECTORES,ELEKTRON,QUINTA TERMINAL IUSA 310903
CONECTOR P VARILLA,CORRIENTE ALTERNA,PROTECCIONES,ELEKTRON,"CONECTOR P/VARILLA 1/2 Y 5/8"""
GAB S421,CORRIENTE ALTERNA,GABINETE,ELEKTRON,GABINETE MET.PARA INT. FXD6
SIEMENS 175A CON ZAPATAS,CORRIENTE ALTERNA,PROTECCIONES,ELEKTRON,FXD 
OMEGA 12 ANCLO,TUBERIA,,ELEKTRON,"ABRAZADERA OMEGA E/A 1/2"" ANC"
COPLE ROSCADO 1,TUBERIA,1,ELEKTRON,COPLE GALVANIZADO E/A 1 (27MM)
TUBO PG 34,TUBERIA,,ELEKTRON,"TRAMO DE TUBO E/A 3/4"" C/C (21"
TUBO AJUSTE 12,TUBERIA,,ELEKTRON,TRAMO DE TUBO E/V 1/2 
CURVA PG 114,TUBERIA,1 1/4,ELEKTRON,CODO GALVANIZADO E/A 1 1/4 (35
TUBO PG 114,TUBERIA,1 1/4,ELEKTRON,TRAMO DE TUBO E/A 11/4 S/C (35
CONDULET LB 1,TUBERIA,1,ELEKTRON,CONDULET LB SERIE 3 DE 1
CONDULET LL 1,TUBERIA,1,ELEKTRON,CONDULET LL SERIE 3 DE 1
COPLE ROSCADO 34,TUBERIA,,ELEKTRON,COPLE GALVANIZADO E/A 3/4 (21M
TUBO PG 1,TUBERIA,1,ELEKTRON,"TRAMO DE TUBO E/A 1"" "
CONECTOR P VARILLA,CORRIENTE ALTERNA,PROTECCIONES,ELEKTRON,"CONECTOR P/VARILLA 5/8"" C/P"
ITM 2X60A,CORRIENTE ALTERNA,PROTECCIONES,ELEKTRON,QO 
UNICANAL 114 ANCLO,TUBERIA,1 1/4,ELEKTRON,"ABRAZADERA UNICAL 1 1/4"" ANCLO"
CONTRA 114 ANCLO,TUBERIA,1 1/4,ELEKTRON,"CONTRA DE 1 1/4"" ANCLO"
CONEX LICUA 114,TUBERIA,1 1/4,ELEKTRON,"CONECT LICUATITE RECTO 1 1/4"""
MONITOR 114 ANCLO,TUBERIA,1 1/4,ELEKTRON,"MONITOR 1 1/4"" ANCLO"
OMEGA 114 ANCLO,TUBERIA,1 1/4,ELEKTRON,"ABRAZADERA OMEGA E/A 1 1/4"" AN"
CONDULET C 1,TUBERIA,1,ELEKTRON,"CONDULET C SERIE 3 DE 1"""
CONDULET C 114,TUBERIA,1 1/4,ELEKTRON,"CONDULET C SERIE 3 DE 1 1/4"""
CONDULET LB 114,TUBERIA,1 1/4,ELEKTRON,"CONDULET LB SERIE 3 DE 1 1/4"""
CONDULET LL 114,TUBERIA,1 1/4,ELEKTRON,"CONDULET LL SERIE 3 DE 1 1/4"""
CONDULET LR 1,TUBERIA,1,ELEKTRON,CONDULET LR SERIE 3 DE 1
CONDULET LR 114,TUBERIA,1 1/4,ELEKTRON,"CONDULET LR SERIE 3 DE 1 1/4"""
CONDULET T 114,TUBERIA,1 1/4,ELEKTRON,"CONDULET T SERIE 3 DE 1 1/4"""
LICUAFLEX 114,TUBERIA,1 1/4,ELEKTRON,MTS TUBO LILCUAFLEX 1 1/4 TRAM
CABLE C.4/0 THW,CORRIENTE ALTERNA,CABLE,ELEKTRON,MTS CABLE THW CAL 4/0 NGO TRAM
CABLE NEUTRANEL 3 3/0 1 1/0,MEDIA TENSION,CABLE,ELEKTRON,MTS CABLE 
CABLE XLP 3 3/0 1 1/0,MEDIA TENSION,CABLE,ELEKTRON,MTS CABLE 
CONECTOR L 4/0,MEDIA TENSION,CONECTORES,ELEKTRON,CONECTOR L 4/0-1/0 ACSR
COPLE PVC 2,TUBERIA,2,ELEKTRON,"CONECTOR PVC PESADO 2"" C/TUER"
CURVA PVC 2,TUBERIA,2,ELEKTRON,"CODO PVC PESADO 2"""
TUBO PVC 2,TUBERIA,2,ELEKTRON,"TUBO PVC PESADO 2"""
BASE M 14,MEDIA TENSION,BASE,ELEKTRON,BASE MEDICION 13 TERM20 A S/AP
MONITOR 212 ANCLO,TUBERIA,2 1/2,ELEKTRON,"MONITOR 2 1/2"" ANCLO"
MUFA 212,TUBERIA,2 1/2,ELEKTRON,MUFA SECA GALV. DE 2 
TUBO PG 212,TUBERIA,2 1/2,ELEKTRON,"TRAMO DE TUBO E/A 21/2""C/C (63"
CABLE C.1/0 THW,CORRIENTE ALTERNA,CABLE,ELEKTRON,MTS CABLE THW CAL 1/0 NGO TRAM
CABLE C.6 THW,CORRIENTE ALTERNA,CABLE,ELEKTRON,MTS CABLE THW CAL 6 NGO TRAMO
ZAPATA C.6 - 14,CORRIENTE ALTERNA,CONECTORES,ELEKTRON,TERM. ANILLO S/A CAL. 6 
COPLE ROSCADO 114,TUBERIA,1 1/4,ELEKTRON,COPLE GALVANIZADO E/A 11/4 (35
UNICANAL 4X2 C.16,TUBERIA,SUJECION,ELEKTRON,PERFIL UNICANAL 4X2 CAL16 SOLI
UNICANAL 4X4 C.16,TUBERIA,SUJECION,ELEKTRON,PERFIL UNICANAL 4X4 CAL16 SOL
ZAPATA LARGA C.1/0 - 516,CORRIENTE ALTERNA,CONECTORES,ELEKTRON,ZAPATA A COMP. CAL. 1/0 LARGO
SIEMENS 150A CON ZAPATAS,CORRIENTE ALTERNA,PROTECCIONES,ELEKTRON,FXD 
TORNILLOS TERMO 150-250,CORRIENTE ALTERNA,GABINETE,ELEKTRON,KIT TORNILLOS P/I.T.M. FXD SIE
CONDULET T 1,TUBERIA,1,ELEKTRON,CONDULET T SERIE 3 DE 1
LICUAFLEX 114,TUBERIA,1 1/4,ELEKTRON,"MTS TUBO LICUATITE 1 1/4"" TRA"
UNICANAL 112 ANCLO,TUBERIA,1 1/2,ELEKTRON,"ABRAZADERA UNICAL 11/2"" ANCLO"
CONTRA 112 ANCLO,TUBERIA,1 1/2,ELEKTRON,"CONTRA DE 1 1/2"" ANCLO"
MONITOR 112 ANCLO,TUBERIA,1 1/2,ELEKTRON,"MONITOR 1 1/2"" ANCLO"
OMEGA 112 ANCLO,TUBERIA,1 1/2,ELEKTRON,"ABRAZADERA OMEGA E/A 1 1/2"" AN"
CONEX LICUA 112,TUBERIA,1 1/2,ELEKTRON,"CONECT LICUATITE RECTO 1 1/2"""
CONDULET LB 112,TUBERIA,1 1/2,ELEKTRON,"CONDULET LB SERIE 3 DE 1 1/2"""
CONDULET LL 112,TUBERIA,1 1/2,ELEKTRON,"CONDULET LL SERIE 3 DE 1 1/2"""
CONDULET LR 112,TUBERIA,1 1/2,ELEKTRON,"CONDULET LR SERIE 3 DE 1 1/2"""
CABLE C.2 THW,CORRIENTE ALTERNA,CABLE,ELEKTRON,MTS CABLE THW CAL 2 NGO ROLLO
CABLE C.4 THW,CORRIENTE ALTERNA,CABLE,ELEKTRON,MTS CABLE THW CAL 4 NGO ROLLO
CABLE C.6 THW,CORRIENTE ALTERNA,CABLE,ELEKTRON,MTS CABLE THW CAL 6 NGO ROLLO
COPLE ROSCADO 112,TUBERIA,1 1/2,ELEKTRON,COPLE GALVANIZADO E/A 11/2 (41
TUBO PG 112,TUBERIA,1 1/2,ELEKTRON,"TRAMO DE TUBO E/A 11/2""C/C (41"
CONECTOR P VARILLA,CORRIENTE ALTERNA,PROTECCIONES,ELEKTRON,CONECTOR COOPER WELD P/VARILLA
VARILLA COOP,CORRIENTE ALTERNA,PROTECCIONES,ELEKTRON,"VARILLA COOPER WELD 3MT 5/8"" S"
SQUARE D 125A,CORRIENTE ALTERNA,PROTECCIONES,ELEKTRON,HDL I.T.M. 3P 125A 18KA
SQUARE D 50A,CORRIENTE ALTERNA,PROTECCIONES,ELEKTRON,QO 
CENTRO DE CARGA 3P,CORRIENTE ALTERNA,GABINETE,ELEKTRON,C.C 3P 100A 127/220V SOBREP P9
GAB S301,CORRIENTE ALTERNA,GABINETE,ELEKTRON,GABINETE MET.PARA INT. ED2/ED6
,,,,
CABLE C.8 THW KOBREX,CORRIENTE ALTERNA,CABLE,FERRETERIA LA PIEDAD,CABLE THW #8 KOBREX-IUSA
CABLE C.10 THW KOBREX,CORRIENTE ALTERNA,CABLE,FERRETERIA LA PIEDAD,CABLE THW #10 KOBREX-IUSA
CABLE C.12 THW KOBREX,CORRIENTE ALTERNA,CABLE,FERRETERIA LA PIEDAD,CABLE THW #12 KOBREX-IUSA
TUBO COBRE 1,TUBERIA,1,FERRETERIA LA PIEDAD,TUBO 1 T.L. COBRE
CURVA 1 COBRE,TUBERIA,1,FERRETERIA LA PIEDAD,"CODO 1"" X 90 COBRE"
COPLE DE COBRE 1,TUBERIA,1,FERRETERIA LA PIEDAD,"COPLE 1"" COBRE"
BROCA 14,CONSUMIBLES,BROCAS,FERRETERIA LA PIEDAD,BROCA PARA METAL 1/4
BROCA 38,CONSUMIBLES,BROCAS,FERRETERIA LA PIEDAD,BROCA PARA METAL 3/8
DISCO 14,CONSUMIBLES,DISCOS,FERRETERIA LA PIEDAD,"DISCO CORTE METAL 14"""
DISCO 14,CONSUMIBLES,DISCOS,FERRETERIA LA PIEDAD,DISCO CORTE 14
BROCHA 2,CONSUMIBLES,HERRAMIENTA,FERRETERIA LA PIEDAD,BROCHA 2
BICOLOR,CONSUMIBLES,EXTRAS,FERRETERIA LA PIEDAD,BICOLOR
TAQUETE PLAST 38,CONSUMIBLES,EXTRAS,FERRETERIA LA PIEDAD,TAQUETE PLASTICO 3/8
TUBO PG 2,TUBERIA,2,FERRETERIA LA PIEDAD,TUBO CONDUIT 2 CON ROSCA
TUBO PG 112,TUBERIA,1 1/2,FERRETERIA LA PIEDAD,TUBO CONDUIT 1 1/2 CON ROSCA
CURVA PG 2,TUBERIA,2,FERRETERIA LA PIEDAD,"CURVA CONDUIT 2"" CON ROSCA"
CURVA PG 112,TUBERIA,1 1/2,FERRETERIA LA PIEDAD,CURVA CONDUIT 1 1/2 CON ROSCA
BASE M 7100,MEDIA TENSION,BASE,FERRETERIA LA PIEDAD,BASE 7-100 CUTLER-HAMMER
CABLE C.8 THW,CORRIENTE ALTERNA,CABLE,FERRETERIA LA PIEDAD,CABLE THW 8 CONDULAC
CINTA AISLANTE NITTO NEGRO,CONSUMIBLES,AISLANTES,FERRETERIA LA PIEDAD,CINTA NITTO
TUBO CPVC 34,TUBERIA,,FERRETERIA LA PIEDAD,TUBO HIDRAULICO 3/4
DISCO 412,CONSUMIBLES,DISCOS,FERRETERIA LA PIEDAD,DISCO CORTE DE METAL 4 1/2
BROCHA 4,CONSUMIBLES,HERRAMIENTA,FERRETERIA LA PIEDAD,BROCHA 4
BASE M 7200,MEDIA TENSION,BASE,FERRETERIA LA PIEDAD,BASE 7-200 CUTLER-HAMMER
TUBO COBRE 114,TUBERIA,1 1/4,FERRETERIA LA PIEDAD,TUBO 1 1/4 T.M. COBRE
CENTRO DE CARGA 3P,CORRIENTE ALTERNA,GABINETE,FERRETERIA LA PIEDAD,CENTRO DE CARGA 
ITM 2X100A,CORRIENTE ALTERNA,PROTECCIONES,FERRETERIA LA PIEDAD,UNIDAD TERMICA QO2100
HILO ALBAÑIL,CONSUMIBLES,ALBAÑILERIA,FERRETERIA LA PIEDAD,HILO PARA ALBAÑIL GRANDE
PIJA NEGRA 12,ESTRUCTURA,TORNILLERIA,FERRETERIA LA PIEDAD,PIJA NEGRA 8X 1/2
CINTA MASKING 112,CONSUMIBLES,EXTRAS,FERRETERIA LA PIEDAD,CINTA MASKING 1 1/2
CINCHO VOLTECK,CONSUMIBLES,CINCHOS,FERRETERIA LA PIEDAD,CINTILLO 30 CM VOLTECK BCO-NEG
,,,,
PTR 112 C.16,ESTRUCTURA,ACERO,ACEROS LA PIEDAD,"PTR 1"" 1/2 "
PTR 2 C.14,ESTRUCTURA,ACERO,ACEROS LA PIEDAD,PTR 2 x 2 
ANGULO METAL 316X112,ESTRUCTURA,ACERO,ACEROS LA PIEDAD,ANGULO 3/16 
SOLDADURA 6013 PN INFRA,CONSUMIBLES,SOLDADURA,ACEROS LA PIEDAD,SOLDADURA 6013 1/8 
,,,,
PTR 2 C.14,ESTRUCTURA,ACERO,ACEROS OCOTLAN LA PIEDAD,PTR C.C. 2 X 2 AZUL C.14 X 6.00
ANGULO METAL 316X112,ESTRUCTURA,ACERO,ACEROS OCOTLAN LA PIEDAD,ANGULO COM. 3/16 X 11/2 X 6.10 MT G50
SOLDADURA 6013 PN INFRA,CONSUMIBLES,SOLDADURA,ACEROS OCOTLAN LA PIEDAD,SOLD. INFRA 6013 1/8 PUNTA NARANJA
BROCHA PERFECT 2,CONSUMIBLES,HERRAMIENTA,ACEROS OCOTLAN LA PIEDAD,BROCHA PERFECT 2 ECON. S-392
SOLDADURA 6013 VERDE ESAB,CONSUMIBLES,SOLDADURA,ACEROS OCOTLAN LA PIEDAD,SOLD. ESAB 6013 1/8 VERDE
BROCHA ÉXITO 2,CONSUMIBLES,HERRAMIENTA,ACEROS OCOTLAN LA PIEDAD,BROCHA EXITO DE 2
BROCHA PERFECT 212,CONSUMIBLES,HERRAMIENTA,ACEROS OCOTLAN LA PIEDAD,BROCHA PERFECT 21/2 ECON. S-392
,,,,
CEMENTO KG,CONSUMIBLES,ALBAÑILERIA,MATERIALES MEDINA,CEMENTO
CLAVO DE 3,CONSUMIBLES,ALBAÑILERIA,MATERIALES MEDINA,CLAVO CON CABEZA DE 3 CAJA 1KG
CEMENTO BCO KG,CONSUMIBLES,ALBAÑILERIA,MATERIALES MEDINA,CEMENTO BLANCO 25 KG
SONOTUBO 20,CONSUMIBLES,ALBAÑILERIA,MATERIALES MEDINA,SONOTUBO 20CM
CLAVO DE 212,CONSUMIBLES,ALBAÑILERIA,MATERIALES MEDINA,CLAVO CON CABEZA DE 2 1/2 25K
ALAMBRE QUEMADO,CONSUMIBLES,ALBAÑILERIA,MATERIALES MEDINA,ALAMBRE QUEMADO
SONOTUBO 25,CONSUMIBLES,ALBAÑILERIA,MATERIALES MEDINA,SONOTUBO 25CM
MARMOLINA 1,CONSUMIBLES,ALBAÑILERIA,MATERIALES MEDINA,MARMOLINA TIPO I
MARMOLINA 2,CONSUMIBLES,ALBAÑILERIA,MATERIALES MEDINA,MARMOLINA TIPO II
SELLADOR 18KG,CONSUMIBLES,ALBAÑILERIA,MATERIALES MEDINA,SELLADOR DEL TORO 18KG
MORTERO,CONSUMIBLES,ALBAÑILERIA,MATERIALES MEDINA,MORTERO
MARMOLINA 1 PEGADURO,CONSUMIBLES,ALBAÑILERIA,MATERIALES MEDINA,MARMOLINA TIPO I PEGADURO
CLAVO P CONCRETO 212,CONSUMIBLES,ALBAÑILERIA,MATERIALES MEDINA,CLAVO P/CONCRETO 2 1/2 CAJA 1KG
,,,,
BROCHA PREMIUM 5,CONSUMIBLES,HERRAMIENTA,FOLAC,"BROCHA PREMIUM 5"""
RODILLO 38,CONSUMIBLES,HERRAMIENTA,FOLAC,RODILLO PLUS BYP 3/8
RODILLO 114,CONSUMIBLES,HERRAMIENTA,FOLAC,RODILLO PLUS BYP 1 1/4
IMPER 5A FOLAC,CONSUMIBLES,IMPER,FOLAC,IMPER FOLAC 5AÑOS
CINTA MASKING 2,CONSUMIBLES,EXTRAS,FOLAC,"CINTA MASKING TAPE 3M 2"" (48X50)"
RODILLO 4,CONSUMIBLES,HERRAMIENTA,FOLAC,"RODILLO 4"" DE 3/4"
BROCHA PREMIUM 1,CONSUMIBLES,HERRAMIENTA,FOLAC,"BROCHA PREMIUM 1"""
THINER ESTANDAR LT,CONSUMIBLES,SOLVENTES Y MAS,FOLAC,THINNER ESTANDAR
,,,,
TUBO PG 34,TUBERIA,,TAMEX,TUBO CONDUIT PARED GRUESA GALV. 3/4 CON COPLE
TUBO PG 1,TUBERIA,1,TAMEX,TUBO CONDUIT PARED GRUESA GALV. 1PLG CON COPLE
GAB J250,CORRIENTE ALTERNA,GABINETE,TAMEX,GABINETE J 250 NEMA 1
ITM 2X30A,CORRIENTE ALTERNA,PROTECCIONES,TAMEX,INTERRUPTOR TERMOMAGNETICO 2 POLOS 30 A ENCHUFABLE
ITM 3X50A,CORRIENTE ALTERNA,PROTECCIONES,TAMEX,INTERRUPTOR TERMOMAGNETICO 3 POLOS 50 A ENCHUFABLE
ITM 2X60A,CORRIENTE ALTERNA,PROTECCIONES,TAMEX,INTERRUPTOR TERMOMAGNETICO 2 POLOS 60 A ENCHUFABLE
ITM 2X70A,CORRIENTE ALTERNA,PROTECCIONES,TAMEX,INTERRUPTOR TERMOMAGNETICO 2 POLOS 70 A ENCHUFABLE
CINTA AISLANTE TEMFLEX NEGRO,CONSUMIBLES,AISLANTES,TAMEX,CINTA ELECTRICA DE VINIL TEMFLEX 1600 - NEGRO 19MM X 18M
LICUAFLEX 34,TUBERIA,,TAMEX,TUBO LICUATITE 19MM
LICUAFLEX 1,TUBERIA,1,TAMEX,TUBO LICUATITE 25MM
LICUAFLEX 114,TUBERIA,1 1/4,TAMEX,TUBO LICUATITE 32MM
LICUAFLEX 2,TUBERIA,1 1/2,TAMEX,TUBO LICUATITE 51MM R .30MTS
CONEX LICUA 34,TUBERIA,,TAMEX,CONECTOR RECTO PARA TUBO LICUATITE DE 3/4
CONEX LICUA 1,TUBERIA,1,TAMEX,CONECTOR RECTO PARA TUBO LICUATITE DE 1
CONEX LICUA 114,TUBERIA,1 1/4,TAMEX,CONECTOR RECTO PARA TUBO LICUATITE DE 1 1/4
CONDULET LB 34,TUBERIA,,TAMEX,CONDULET TIPO LB 19MM 3/4
TUBO PG 114,TUBERIA,1 1/4,TAMEX,COPLE CONDUIT PARED GRUESA GALV. 1 1/4
UNICANAL 34,TUBERIA,,TAMEX,ABRAZADERA UNICANAL PARED GRUESA 3/4
OMEGA 34,TUBERIA,,TAMEX,ABRAZADERA TIPO OMEGA PARED GRUESA 3/4X1/4
OMEGA 1,TUBERIA,1,TAMEX,ABRAZADERA TIPO OMEGA PARED DELGADA 1
CONDULET LB 114,TUBERIA,1 1/4,TAMEX,CONDULET SERIE 3 DE ALUMINIO LIBRE DE COBRE FORMA LB-43 DE 1 1/4
CONDULET LL 114,TUBERIA,1 1/4,TAMEX,CONDULET SERIE 3 DE ALUMINIO LIBRE DE COBRE FORMA LL-43 DE 1 1/4
CONDULET T 114,TUBERIA,1 1/4,TAMEX,CONDULET SERIE 3 DE ALUMINIO LIBRE DE COBRE FORMA T-43 DE 1 1/4
UNICANAL 114,TUBERIA,1 1/4,TAMEX,ABRAZADERA UNICANAL PARED GRUESA 1 1/4
OMEGA 114,TUBERIA,1 1/4,TAMEX,ABRAZADERA TIPO OMEGA PARED GRUESA 1 1/4X1/4
CINTA AISLANTE ,CONSUMIBLES,AISLANTES,TAMEX,CINTA NITTO 19MM X 18 MTS. ROJO
CINTA AISLANTE NITTO VERDE,CONSUMIBLES,AISLANTES,TAMEX,CINTA NITTO 19MM X 18 MTS. VERDE
TUBO AJUSTE 2,TUBERIA,2,TAMEX,TUBO CONDUIT PARED DELGADA 2 SIN COPLE
CONAJUST 2,TUBERIA,2,TAMEX,CONECTOR TIPO AMERICANO DE 2
UNICANAL 4X2 C.14,TUBERIA,SUJECION,TAMEX,PERFIL UNICANAL GALVANIZADO SOLIDO 4X2X3.05MTS CAL.14
CALBE C.2/0 THW N,CORRIENTE ALTERNA,CABLE,TAMEX,CABLE THW-LS/THHW-LS 90C 600V CAL.2/0 NEGRO CARRETE
TUBO PVC 2,TUBERIA,2,TAMEX,TUBO PVC PESADO DE 2 50MM
CURVA PVC 2,TUBERIA,2,TAMEX,CODO PVC PESADO DE 2 50MM
CONEC PVC 2,TUBERIA,2,TAMEX,CONECTOR PVC PESADO 2 50MM
TUBO PG 114,TUBERIA,1 1/4,TAMEX,TUBO CONDUIT PARED GRUESA GALV. 1 1/4 CON COPLE
UNICANAL 4X2 C.16,TUBERIA,SUJECION,TAMEX,PERFIL UNICANAL GALVANIZADO SOLIDO 4X2X3.05 MTS CAL.16
TUBO AJUSTE 12,TUBERIA,,TAMEX,TUBO CONDUIT PARED DELGADA 1/2 SIN COPLE
CONDULET LR 114,TUBERIA,1 1/4,TAMEX,CONDULET SERIE 3 DE ALUMINIO LIBRE DE COBRE FORMA LR-43 DE 1 1/4
CENTRO DE CARGA 2P,CORRIENTE ALTERNA,GABINETE,TAMEX,CENTRO DE CARGA DE 2 POLOS EMPOTRAR
CONDULET LB 1,TUBERIA,1,TAMEX,CONDULET TIPO LB 25MM 1
CONDULET C 1,TUBERIA,1,TAMEX,CONDULET TIPO C 25MM 1
CONDULET T 1,TUBERIA,1,TAMEX,CONDULET TIPO T 25MM 1
UNICANAL 1,TUBERIA,1,TAMEX,ABRAZADERA UNICANAL PARED GRUESA 1
CONDULET LR 34,TUBERIA,,TAMEX,CONDULET TIPO LR 19MM 3/4
CONDULET LL 34,TUBERIA,,TAMEX,CONDULET TIPO LL 19MM 3/4
CONDULET T 34,TUBERIA,,TAMEX,CONDULET TIPO T 19MM 3/4
CONDULET C 34,TUBERIA,,TAMEX,CONDULET TIPO C 19MM 3/4
COPLE ROSCADO 34,TUBERIA,,TAMEX,COPLE CONDUIT PARED GRUESA GALV. 3/4
CINCHO 30CM NEGRO,CONSUMIBLES,CINCHOS,TAMEX,CINCHO TH 300-4.8-86 NEGRO C/100 PIEZAS
TUBO PVC 114,TUBERIA,1 1/4,TAMEX,TUBO PVC PESADO DE 1 1/4 32MM
CURVA PVC 114,TUBERIA,1 1/4,TAMEX,CODO PVC PESADO DE 1 1/4 PULG 32MM
CONEC PVC 114,TUBERIA,1 1/4,TAMEX,CONECTOR PVC PESADO DE 1 1/4 32MM
MONITOR 34,TUBERIA,,TAMEX,MONITOR CUERDA NPS ZAMAK (ZINC FUNDIDO A PRESION) DIAM. 19MM 3/4 PLG
CONTRA 34,TUBERIA,,TAMEX,CONTRATUERCA CUERDA NPS DE 3/4
CENTRO DE CARGA 2P,CORRIENTE ALTERNA,GABINETE,TAMEX,CENTRO DE CARGA DE 2 POLOS SOBREPONER
CONAJUST 12,TUBERIA,,TAMEX,CONECTOR TIPO AMERICANO DE 1/2
CONECTOR P VARILLA,CORRIENTE ALTERNA,PROTECCIONES,TAMEX,CONECTOR PARA VARILLA
ITM 2X20A,CORRIENTE ALTERNA,PROTECCIONES,TAMEX,INTERRUPTOR TERMOMAGNETICO 2 POLOS 20 A ENCHUFABLE
ITM 2X40A,CORRIENTE ALTERNA,PROTECCIONES,TAMEX,INTERRUPTOR TERMOMAGNETICO 2 POLOS 40 A ENCHUFABLE
ITM 2X50A,CORRIENTE ALTERNA,PROTECCIONES,TAMEX,INTERRUPTOR TERMOMAGNETICO 2 POLOS 50 A ENCHUFABLE
CONDULET LR 1,TUBERIA,1,TAMEX,CONDULET TIPO LR 25MM 1
CONDULET LL 1,TUBERIA,1,TAMEX,CONDULET TIPO LL 25MM 1
CONDULET T 2,TUBERIA,2,TAMEX,CAJA REGISTO OVALADA 50.8MM-2 T69
UNICANAL PD 2,TUBERIA,2,TAMEX,ABRAZADERA UNICANAL PARED DELGADA 51MM 2 PLG
OMEGA 2,TUBERIA,2,TAMEX,ABRAZADERA TIPO OMEGA PARED DELGADA 2
CONDULET LL 34,TUBERIA,,TAMEX,CAJA REGISTO OVALADA 19.0MM- 3 /4 LL29
CONEX LICUA 2,TUBERIA,2,TAMEX,CONECTOR RECTO PARA TUBO LICUATITE DE 2
CURVA PG 2,TUBERIA,2,TAMEX,CODO CONDUIT PARED DELGADAD GALV. 2
CURGA PG 34,TUBERIA,,TAMEX,CODO CONDUIT PARED GRUESA GALV. 3/4
CURVA PG 1,TUBERIA,1,TAMEX,CODO CONDUIT PARED GRUESA GALV. 1
ZAPATA C. 2 -12,CORRIENTE ALTERNA,CONECTORES,TAMEX,ZAPATA TERMINAL DE COBRE CANON CORTO UNA PERFORACION CAL 2 AWG TORNILLO 1/2
CINCHO 36CM NEGRO,CONSUMIBLES,CINCHOS,TAMEX,CINCHO TH 360-4.8-105 NEGRO C/100 PIEZAS
CABLE C.3/0 THW N,CORRIENTE ALTERNA,CABLE,TAMEX,CABLE THW-LS/THHW-LS 90C 600V CAL.3/0 NEGRO CARRETE
CENTRO DE CARGA 3P,CORRIENTE ALTERNA,GABINETE,TAMEX,CENTRO DE CARGA DE 3 POLOS SOBREPONER
CENTRO DE CARGA 4P,CORRIENTE ALTERNA,GABINETE,TAMEX,CENTRO DE CARGA DE 4 POLOS SOBREPONER
BASE M 5100 CUAD,MEDIA TENSION,BASE,TAMEX,BASE PARA MEDIDOR DE QUINTA MORDAZAS 100 A MONOFASICA
OMEGA 12,TUBERIA,,TAMEX,ABRAZADERA TIPO OMEGA PARED DELGADA 1/2
OMEGA 34,TUBERIA,,TAMEX,ABRAZADERA TIPO OMEGA PARED DELGADA 3/4
UNICANAL 2,TUBERIA,2,TAMEX,ABRAZADERA UNICANAL PARED GRUESA 2
CABLE C.8 THW,CORRIENTE ALTERNA,CABLE,TAMEX,CABLE THW-LS/THHW-LS 90C 600V CAL.8 NEGRO CARRETE
COPLE ROSCADO 1,TUBERIA,1,TAMEX,COPLE CONDUIT PARED GRUESA GALV. 1
COPLE AJUSTE 2,TUBERIA,2,TAMEX,COPLES TIPO AMERICANO DE 2
,,,,
DUCTO PAD 3,TUBERIA,3,ACONCAGUA,"Ducto PAD Corrugado de 3"" (75mm) rollo de 110 metros"
REGISTRO CONCRETO,TUBERIA,REGISTROS,ACONCAGUA,Registro de Concreto 50x80x65 cm Norma CFE-RBTB-1 Norma 2008
TAPA DE REGISTRO D CONCRETO,TUBERIA,REGISTROS,ACONCAGUA,Tapa de Concreto 50x80 cm en Banqueta 2008
CABLE C.2 THW,CORRIENTE ALTERNA,CABLE,ACONCAGUA,Cable THW Cal. 2 negro
CABLE C.4 THW,CORRIENTE ALTERNA,CABLE,ACONCAGUA,Cable THW Cal. 4 Negro
CABLE C.6 THW,CORRIENTE ALTERNA,CABLE,ACONCAGUA,Cable THW Cal. 6 Color Negro
CABLE C.8 THW N,CORRIENTE ALTERNA,CABLE,ACONCAGUA,Cable THW Cal.8 Negro
CABLE C8 TWH R,CORRIENTE ALTERNA,CABLE,ACONCAGUA,Cable THW Cal.8 Rojo
,,,,
REDUCCION 112 A 114,TUBERIA,1 1/4,PEREZ CANCINO,"RED112 REDUCCION BUSHIN DE ALUMINIO 1 1/2""- 1 1/4"""
CONAJUST 2,TUBERIA,2,PEREZ CANCINO,"COC200 CONECTOR 2"" CONDUIT ARGOS"
CONEX BASE MED 2,MEDIA TENSION,BASE,PEREZ CANCINO,"ADAPTADOR COPLE P/BASE DE MEDIDOR 2"" EATON"
REDUCCION 2 A 112,TUBERIA,1 1/2,PEREZ CANCINO,"RED200 REDUCCION BUSHIN DE ALUMINIO 2""- 1 1/2"""
TERMOCONTRACTIL C.6-250,CONSUMIBLES,AISLANTES,PEREZ CANCINO,TRAMO MANGA TERMOCONTRACTIL 1000 6-250MCM SIGTRONIC
CONECTOR L 4/0,MEDIA TENSION,CONECTORES,PEREZ CANCINO,"CONECTOR ""L"" 4/0"
CILINDRICO 3/0,CORRIENTE ALTERNA,CONECTORES,PEREZ CANCINO,CONECTOR CILINDRICO T/MINIMA 3/0
CONEX BASE MED 114,MEDIA TENSION,BASE,PEREZ CANCINO,"ADAPTADOR COPLE P/BASE DE MEDIDOR 1 1/4"" EATON"
CURVA PG 2,TUBERIA,2,PEREZ CANCINO,"CUPG200 CURVA 2"" CONDUIT C/ ROSCA KOBREX"
ZAPATAS P SIEMENS 15A-125A,CORRIENTE ALTERNA,CONECTORES,PEREZ CANCINO,LN1E100 ZAPATA P/INT. TERMOMAGNETICO ED2/ED4/ED6
TORNILLOS TERMO 15-125,CORRIENTE ALTERNA,GABINETE,PEREZ CANCINO,MSE6 KIT TORNILLOS DE FIJACION PARA INT. ED23/43/63 SIEMENS
ZAPATA OPRESOR 1/0,CORRIENTE ALTERNA,CONECTORES,PEREZ CANCINO,ZAPATA DE ALUMINIO CON OPRESOR # 14-1/0
CABLE C.10 THW,CORRIENTE ALTERNA,CABLE,PEREZ CANCINO,CAT010 CABLE ALTA TEMP. 200° AWG 10 C/ TEFLON
ZAPATA C.10 - 316,CORRIENTE ALTERNA,CONECTORES,PEREZ CANCINO,ZAP10 ZAPATA OJILLO 3/16 AWG 10-12 ALTA TEMP. PANDUIT
CONEX LICUA 2,TUBERIA,2,PEREZ CANCINO,"CRL200 CONECTOR RECTO 2"" LICUATITE"
REDUCCION 2 A 114,TUBERIA,1 1/4,PEREZ CANCINO,"RED200 REDUCCION BUSHIN DE ALUMINIO 2""- 1 1/4"""
CONEX BASE MED 112,MEDIA TENSION,BASE,PEREZ CANCINO,"ADAPTADOR COPLE P/BASE DE MEDIDOR 1 1/2"" EATON"
TORNILLOS TERMO 150-250,CORRIENTE ALTERNA,GABINETE,PEREZ CANCINO,MSF6 KIT TORNILLOS PARA FIJACION DE INT. FX SIEMENS
CONDULET LB 1,TUBERIA,1,PEREZ CANCINO,"CLB100 CONDULET SERIE 3 ""LB"" 1"" CROUSE HINDS"
CONDULET LL 1,TUBERIA,1,PEREZ CANCINO,"CLL100 CONDULET SERIE 3 ""LL"" 1"" CROUSE HINDS"
CONDULET LR 1,TUBERIA,1,PEREZ CANCINO,"CLR100 CONDULET SERIE 3 ""LR"" 1"" CROUSE HINDS"
GAB 301,CORRIENTE ALTERNA,GABINETE,PEREZ CANCINO,S301 GABINETE P/INTER. TERMOMAGNETICO ED2-ED6 SIEMENS
CABLE C.8 THW CONDULAC,CORRIENTE ALTERNA,CABLE,PEREZ CANCINO,THW08 CABLE AWG 8 CONDULAC
GAB 421,CORRIENTE ALTERNA,GABINETE,PEREZ CANCINO,S421 GABINETE P/INTER. TERMOMAG. FXD6 SIEMENS
TORNILLOS TERMO 300-600,CORRIENTE ALTERNA,GABINETE,PEREZ CANCINO,"MSJ6 KIT DE TORNILLOS PARA FIJACION INT. JXD, LXD, JM Y LM"
CABLE C.14 THW CONDULAC,CORRIENTE ALTERNA,CABLE,PEREZ CANCINO,THW14 CABLE AWG 14 CONDULAC
ZAPATAS P SIEMENS 300A-600A,CORRIENTE ALTERNA,CONECTORES,PEREZ CANCINO,TA2J6500 ZAPATA P/INT. TERMOMAGNETICO JXD/LXD SIEMENS
TUBO PG 114,TUBERIA,1 1/4,PEREZ CANCINO,"TUPG114 TUBO 1 1/4"" CONDUIT P/GRUESA OMEGA"
CONDULET LB 114,TUBERIA,1 1/4,PEREZ CANCINO,"CLB114 CONDULET SERIE 3 ""LB"" 1 1/4"" CROUSE HINDS"
CONDULET LL 114,TUBERIA,1 1/4,PEREZ CANCINO,"CLL100 CONDULET SERIE 3 ""LL"" 1 1/4"" CROUSE HINDS"
CONDULET LR 114,TUBERIA,1 1/4,PEREZ CANCINO,"CLR114 CONDULET SERIE 3 ""LR 1 1/4"" CROUSE HINDS"
LICUAFLEX 114,TUBERIA,1 1/4,PEREZ CANCINO,"TLX114 TUBO 1 1/4"" LICUAFLEX"
CONEX LICUA 114,TUBERIA,1 1/4,PEREZ CANCINO,"CRL114 CONECTOR RECTO 1 1/4"" LICUATITE"
SIEMENS 70A,CORRIENTE ALTERNA,PROTECCIONES,PEREZ CANCINO,ED43B070MX INTER. TERMOMAG. 70 A. 240/480 V. SIEMENS
GLANDULA N 114 DROF,TUBERIA,1 1/4,PEREZ CANCINO,"CONECTOR GLANDULA 1 1/4"" NYLON DROF"
CURVA PG 114,TUBERIA,1 1/4,PEREZ CANCINO,"CUPG114 CURVA 1 1/4"" CONDUIT C/ ROSCA KOBREX"
TUBO PG 1,TUBERIA,1,PEREZ CANCINO,"TUPG100 TUBO 1"" CONDUIT P/GRUESA OMEGA"
COPLE ROSCADO 1,TUBERIA,1,PEREZ CANCINO,"COPG100 COPLE 1"" CONDUIT P/GRUESA"
CURVA PG 1,TUBERIA,1,PEREZ CANCINO,"CUPG100 CURVA 1"" CONDUIT C/ ROSCA KOBREX"
UNICANAL 114,TUBERIA,1 1/4,PEREZ CANCINO,"UNI114 UNICANAL ABRAZADERA 1 1/4"" PARED GRUESA ANCLO"
CENTRO DE CARGA 3P,CORRIENTE ALTERNA,GABINETE,PEREZ CANCINO,QOD3S GABINETE PARA PASTILLA 3 X 100 SOBREPONER SQD
LICUAFLEX 114,TUBERIA,1,PEREZ CANCINO,"TLI100 TUBO 1"" LICUATITE"
CENTRO DE CARGA 2P,CORRIENTE ALTERNA,GABINETE,PEREZ CANCINO,QOD2S CENTRO DE CARGA 2 UNIDADES SOBREP. S.Q.D..
GLANDULA N 34 ARGOS,TUBERIA,,PEREZ CANCINO,"CGN34 CONECTOR GLANDULA 3/4"" NYLON ARGOS"
UNICANAL 34 ANCLO,TUBERIA,,PEREZ CANCINO,"UNI034 UNICANAL ABRAZADERA 3/4"" PARED GRUESA ANCLO"
OMEGA 34 ANCLO,TUBERIA,,PEREZ CANCINO,"OPG034 OMEGA ABRAZADERA 3/4"" PARED GRUESA ANCLO"
CONDULET LB 34,TUBERIA,,PEREZ CANCINO,"CLB034 CONDULET SERIE 3 ""LB"" 3/4"" CROUSE HINDS"
CONDULET LL 34,TUBERIA,,PEREZ CANCINO,"CLL034 CONDULET SERIE 3 ""LL"" 3/4"" CROUSE HINDS"
CONDULET LR 34,TUBERIA,,PEREZ CANCINO,"CLR034 CONDULET SERIE 3 ""LR"" 3/4"" CROUSE HINDS"
CONEX LICUA 34,TUBERIA,,PEREZ CANCINO,"CRL034 CONECTOR RECTO 3/4"" LICUATITE"
LICUAFLEX 34,TUBERIA,,PEREZ CANCINO,"TLX034 TUBO 3/4"" LICUAFLEX"
ITM 2X50A,CORRIENTE ALTERNA,PROTECCIONES,PEREZ CANCINO,QO250 PASTILLA TERMICA 2 X 50 AMP. SQD
COPLE ROSCADO 34,TUBERIA,,PEREZ CANCINO,"COPG034 COPLE 3/4"" CONDUIT P/GRUESA OMEGA"
TUBO PG 34,TUBERIA,,PEREZ CANCINO,"TUPG034 TUBO 3/4"" CONDUIT P/GRUESA OMEGA"
ITM 2X40A,CORRIENTE ALTERNA,PROTECCIONES,PEREZ CANCINO,QO240 PASTILLA TERMICA 2 X 40 AMP. SQD
,,,,
RACK LIGERO 6.2M,ESTRUCTURA,ALUMINIO,DISTRIBUIDORA DE ALUMINIO EFL,PERFIL RACK LIGERO A 6.20 MTS
ANGULO ALUMINIO 112X316,ESTRUCTURA,ALUMINIO,DISTRIBUIDORA DE ALUMINIO EFL,ANGULO DE 1 1/2 X 3/16 A 6.10 MTS
TEE ALUMINIO,ESTRUCTURA,ALUMINIO,DISTRIBUIDORA DE ALUMINIO EFL,PERFIL TEE RACK A 3.66 MTS
ZETA ALUMINIO,ESTRUCTURA,ALUMINIO,DISTRIBUIDORA DE ALUMINIO EFL,PERFIL ZETA CHICA A 3.66 MTS
RACK SAYCE 6.2M,ESTRUCTURA,ALUMINIO,DISTRIBUIDORA DE ALUMINIO EFL,PERFIL RACK SAYCE A 6.20 MTS
ANGULO ALUMINIO 112X316 CRUDO,ESTRUCTURA,ALUMINIO,DISTRIBUIDORA DE ALUMINIO EFL,ANGULO DE 1 1/2 X 3/16 A 6.10 MTS 
RACK LIGERO 6.1M,ESTRUCTURA,ALUMINIO,DISTRIBUIDORA DE ALUMINIO EFL,PERFIL RACK LIGERO A 6.10 MTS
